manglish,malayalam
njan,ഞാൻ
njn,ഞാൻ
njaan,ഞാൻ
enikku,എനിക്ക്
enikk,എനിക്ക്
enik,എനിക്ക്
enne,എന്നെ
ennodu,എന്നോട്
ennod,എന്നോട്
entethu,എന്റേത്
enteth,എന്റേത്
ennil,എന്നിൽ
ente,എന്റെ
nee,നീ
ni,നീ
ninakku,നിനക്ക്
ninakk,നിനക്ക്
ninne,നിന്നെ
ninnodu,നിന്നോട്
ninnod,നിന്നോട്
nintethu,നിന്റേത്
ninteth,നിന്റേത്
ninnil,നിന്നിൽ
ninte,നിന്റെ
avan,അവൻ
avn,അവൻ
avane,അവനെ
avanodu,അവനോട്
avanod,അവനോട്
avante,അവന്റെ
avanil,അവനിൽ
aval,അവൾ
avl,അവൾ
avale,അവളെ
avalodu,അവളോട്
avalod,അവളോട്
avalude,അവളുടെ
avalil,അവളിൽ
avar,അവർ
avr,അവർ
avarkku,അവർക്ക്
avarkk,അവർക്ക്
avare,അവരെ
avarodu,അവരോട്
avarude,അവരുടെ
athu,അത്
ath,അത്
athine,അതിനെ
athinodu,അതിനോട്
athinte,അതിന്റെ
athil,അതിൽ
ithu,ഇത്
ith,ഇത്
ithine,ഇതിനെ
ithinodu,ഇതിനോട്
ithinte,ഇതിന്റെ
ithil,ഇതിൽ
nam,നാം
nammal,നമ്മൾ
namml,നമ്മൾ
namukku,നമുക്ക്
namukk,നമുക്ക്
nammude,നമ്മുടെ
nammil,നമ്മിൽ
njangal,ഞങ്ങൾ
njngl,ഞങ്ങൾ
njangalkku,ഞങ്ങൾക്ക്
njangalude,ഞങ്ങളുടെ
ningal,നിങ്ങൾ
ningalkku,നിങ്ങൾക്ക്
ningalude,നിങ്ങളുടെ
aalkar,ആൾക്കാർ
aalukal,ആളുകൾ
aal,ആൾ
enth,എന്ത്
enthu,എന്ത്
endh,എന്ത്
entha,എന്താ
enthanu,എന്താണ്
enthina,എന്തിനാ
enthinanu,എന്തിനാണ്
enthukond,എന്തുകൊണ്ട്
enthokke,എന്തൊക്കെ
evide,എവിടെ
evd,എവിടെ
evida,എവിടാ
evideya,എവിടെയാ
evidekku,എവിടേക്ക്
evidekk,എവിടേക്ക്
eppol,എപ്പോൾ
eppo,എപ്പോ
eppozha,എപ്പോഴാ
eppozhanu,എപ്പോഴാണ്
eppozhum,എപ്പോഴും
engane,എങ്ങനെ
engna,എങ്ങനാ
enganeya,എങ്ങനെയാ
enganeyanu,എങ്ങനെയാണ്
aaru,ആര്
aara,ആരാ
aaranu,ആരാണ്
aarod,ആരോട്
aarodu,ആരോട്
aarkku,ആർക്ക്
aarude,ആരുടെ
ethra,എത്ര
ethraya,എത്രയാ
ethrayanu,എത്രയാണ്
ethu,ഏത്
eth,ഏത്
etha,ഏതാ
ethanu,ഏതാണ്
athe,അതെ
aanu,ആണ്
aano,ആണോ
alla,അല്ല
alle,അല്ലേ
undu,ഉണ്ട്
und,ഉണ്ട്
ind,ഉണ്ട്
undo,ഉണ്ടോ
illa,ഇല്ല
ill,ഇല്ല
ille,ഇല്ലേ
illallo,ഇല്ലല്ലോ
illayirunnu,ഇല്ലായിരുന്നു
undayirunnu,ഉണ്ടായിരുന്നു
shari,ശരി
sari,ശരി
venam,വേണം
venda,വേണ്ട
mathi,മതി
enkil,എങ്കിൽ
pakshe,പക്ഷെ
koodi,കൂടി
koode,കൂടെ
karanam,കാരണം
pinne,പിന്നെ
mathram,മാത്രം
allathe,അല്ലാതെ
athukondu,അതുകൊണ്ട്
ennitt,എന്നിട്ട്
ennal,എന്നാൽ
athayathu,അതായത്
muthal,മുതൽ
vare,വരെ
chey,ചെയ്യ്
cheythu,ചെയ്തു
cheyth,ചെയ്ത്
cheyyam,ചെയ്യാം
cheyunnu,ചെയ്യുന്നു
cheyyunnu,ചെയ്യുന്നു
cheyum,ചെയ്യും
cheythilla,ചെയ്തില്ല
cheyilla,ചെയ്യില്ല
cheyyalle,ചെയ്യല്ലേ
cheyyaruth,ചെയ്യരുത്
cheythal,ചെയ്താൽ
cheythalo,ചെയ്താലോ
cheyyukayanu,ചെയ്യുകയാണ്
cheythittund,ചെയ്തിട്ടുണ്ട്
cheythirunnu,ചെയ്തിരുന്നു
cheytha,ചെയ്ത
cheythathu,ചെയ്തത്
cheyyan,ചെയ്യാൻ
po,പോ
poyi,പോയി
poy,പോയ്
povam,പോവാം
pokam,പോകാം
pokunnu,പോകുന്നു
povunnu,പോവുന്നു
pokum,പോകും
poyilla,പോയില്ല
povilla,പോവില്ല
pokilla,പോകില്ല
pokalle,പോകല്ലേ
povalle,പോവല്ലേ
pokaruthu,പോകരുത്
poyal,പോയാൽ
poyalo,പോയാലോ
pokukayanu,പോകുകയാണ്
poyittund,പോയിട്ടുണ്ട്
poyirunnu,പോയിരുന്നു
poya,പോയ
pokan,പോകാൻ
va,വാ
vaa,വാ
vannu,വന്നു
vann,വന്ന്
varam,വരാം
varunnu,വരുന്നു
varum,വരും
vannilla,വന്നില്ല
varilla,വരില്ല
varalle,വരല്ലേ
vararuthu,വരരുത്
vannal,വന്നാൽ
vannalo,വന്നാലോ
varukayanu,വരുകയാണ്
vannittund,വന്നിട്ടുണ്ട്
vannirunnu,വന്നിരുന്നു
vanna,വന്ന
vannathu,വന്നത്
varan,വരാൻ
para,പറ
paranju,പറഞ്ഞു
paranj,പറഞ്ഞ്
parayam,പറയാം
parayunnu,പറയുന്നു
parayum,പറയും
paranjilla,പറഞ്ഞില്ല
parayilla,പറയില്ല
parayalle,പറയല്ലേ
parayaruth,പറയരുത്
paranjal,പറഞ്ഞാൽ
paranjalo,പറഞ്ഞാലോ
parayukayanu,പറയുകയാണ്
paranjittund,പറഞ്ഞിട്ടുണ്ട്
paranjirunnu,പറഞ്ഞിരുന്നു
paranja,പറഞ്ഞ
paranjathu,പറഞ്ഞത്
parayan,പറയാൻ
kan,കാൺ
kandu,കണ്ടു
kand,കണ്ട്
kanam,കാണാം
kanunnu,കാണുന്നു
kanum,കാണും
kandilla,കണ്ടില്ല
kanilla,കാണില്ല
kanalle,കാണല്ലേ
kanaruth,കാണരുത്
kandal,കണ്ടാൽ
kandalo,കണ്ടാലോ
kanukayanu,കാണുകയാണ്
kandittund,കണ്ടിട്ടുണ്ട്
kandirunnu,കണ്ടിരുന്നു
kanda,കണ്ട
kandathu,കണ്ടത്
kanan,കാണാൻ
kel,കേൾ
kettu,കേട്ടു
kett,കേട്ട്
kelkkam,കേൾക്കാം
kelkkunnu,കേൾക്കുന്നു
kelkkum,കേൾക്കും
kettilla,കേട്ടില്ല
kelkkilla,കേൾക്കില്ല
kelkkalle,കേൾക്കല്ലേ
kelkkaruth,കേൾക്കരുത്
kettal,കേട്ടാൽ
kettalo,കേട്ടാലോ
kelkkukayanu,കേൾക്കുകയാണ്
kettittund,കേട്ടിട്ടുണ്ട്
kettirunnu,കേട്ടിരുന്നു
ketta,കേട്ട
kettathu,കേട്ടത്
kelkkan,കേൾക്കാൻ
nokk,നോക്ക്
nokki,നോക്കി
nokkam,നോക്കാം
nokkunnu,നോക്കുന്നു
nokkum,നോക്കും
nokkiyilla,നോക്കിയില്ല
nokkilla,നോക്കില്ല
nokkalle,നോക്കല്ലേ
nokkaruth,നോക്കരുത്
nokkiyal,നോക്കിയാൽ
nokkiyalo,നോക്കിയാലോ
nokkukayanu,നോക്കുകയാണ്
nokkiyittund,നോക്കിയിട്ടുണ്ട്
nokkiyirunnu,നോക്കിയിരുന്നു
nokkiya,നോക്കിയ
nokkan,നോക്കാൻ
tha,താ
tharu,തരു
thannu,തന്നു
thann,തന്ന്
tharam,തരാം
tharunnu,തരുന്നു
tharum,തരും
thannilla,തന്നില്ല
tharilla,തരില്ല
tharalle,തരല്ലേ
thararuth,തരരുത്
thannal,തന്നാൽ
thannalo,തന്നാലോ
tharukayanu,തരുകയാണ്
thannittund,തന്നിട്ടുണ്ട്
thannirunnu,തന്നിരുന്നു
thanna,തന്ന
tharan,തരാൻ
edu,എടു
eduthu,എടുത്തു
eduth,എടുത്ത്
edukkam,എടുക്കാം
edukkunnu,എടുക്കുന്നു
edukkum,എടുക്കും
eduthilla,എടുത്തില്ല
edukkilla,എടുക്കില്ല
edukkalle,എടുക്കല്ലേ
edukkaruth,എടുക്കരുത്
eduthal,എടുത്താൽ
eduthalo,എടുത്താലോ
edukkukayanu,എടുക്കുകയാണ്
eduthittund,എടുത്തിട്ടുണ്ട്
eduthirunnu,എടുത്തിരുന്നു
edutha,എടുത്ത
edukkan,എടുക്കാൻ
kudi,കുടി
kudichu,കുടിച്ചു
kudich,കുടിച്ച്
kudikkam,കുടിക്കാം
kudikkunnu,കുടിക്കുന്നു
kudikkum,കുടിക്കും
kudichilla,കുടിച്ചില്ല
kudikkilla,കുടിക്കില്ല
kudikkalle,കുടിക്കല്ലേ
kudikkaruth,കുടിക്കരുത്
kudichal,കുടിച്ചാൽ
kudichalo,കുടിച്ചാലോ
kudikkukayanu,കുടിക്കുകയാണ്
kudichittund,കുടിച്ചിട്ടുണ്ട്
kudichirunnu,കുടിച്ചിരുന്നു
kudikkan,കുടിക്കാൻ
kazhi,കഴി
kazhichu,കഴിച്ചു
kazhich,കഴിച്ച്
kazhikkam,കഴിക്കാം
kazhikkunnu,കഴിക്കുന്നു
kazhikkum,കഴിക്കും
kazhichilla,കഴിച്ചില്ല
kazhikkilla,കഴിക്കില്ല
kazhikkalle,കഴിക്കല്ലേ
kazhikkaruth,കഴിക്കരുത്
kazhichal,കഴിച്ചാൽ
kazhikkan,കഴിക്കാൻ
thinnu,തിന്നു
thinn,തിന്ന്
thinnam,തിന്നാം
thinnunnu,തിന്നുന്നു
thinnilla,തിന്നില്ല
thinnan,തിന്നാൻ
nada,നട
nadannu,നടന്നു
nadakkam,നടക്കാം
nadakkunnu,നടക്കുന്നു
nadakkum,നടക്കും
nadannilla,നടന്നില്ല
nadakkilla,നടക്കില്ല
nadakkalle,നടക്കല്ലേ
nadakkaruth,നടക്കരുത്
nadannal,നടന്നാൽ
nadakkan,നടക്കാൻ
odu,ഓടു
odi,ഓടി
odam,ഓടാം
odunnu,ഓടുന്നു
odum,ഓടും
odiyilla,ഓടിയില്ല
odilla,ഓടില്ല
odalle,ഓടല്ലേ
odaruth,ഓടരുത്
odiyal,ഓടിയാൽ
odan,ഓടാൻ
chaadu,ചാടു
chaadi,ചാടി
chaadam,ചാടാം
chaadunnu,ചാടുന്നു
chaadum,ചാടും
chaadiyilla,ചാടിയില്ല
chaadilla,ചാടില്ല
chaadan,ചാടാൻ
nil,നിൽ
ninnu,നിന്നു
ninn,നിന്ന്
nilkkam,നിൽക്കാം
nilkkunnu,നിൽക്കുന്നു
nilkkum,നിൽക്കും
ninnilla,നിന്നില്ല
nilkkilla,നിൽക്കില്ല
nilkkan,നിൽക്കാൻ
iri,ഇരി
irunnu,ഇരുന്നു
irunn,ഇരുന്ന്
irikkam,ഇരിക്കാം
irikkunnu,ഇരിക്കുന്നു
irikkum,ഇരിക്കും
irunnilla,ഇരുന്നില്ല
irikkilla,ഇരിക്കില്ല
irikkalle,ഇരിക്കല്ലേ
irunnal,ഇരുന്നാൽ
irikkan,ഇരിക്കാൻ
kida,കിട
kidannu,കിടന്നു
kidann,കിടന്ന്
kidakkam,കിടക്കാം
kidakkunnu,കിടക്കുന്നു
kidakkum,കിടക്കും
kidannilla,കിടന്നില്ല
kidakkilla,കിടക്കില്ല
kidakkan,കിടക്കാൻ
urangu,ഉറങ്ങു
urangi,ഉറങ്ങി
urangam,ഉറങ്ങാം
urangunnu,ഉറങ്ങുന്നു
urangum,ഉറങ്ങും
urangiyilla,ഉറങ്ങിയില്ല
urangilla,ഉറങ്ങില്ല
urangalle,ഉറങ്ങല്ലേ
urangan,ഉറങ്ങാൻ
unaru,ഉണരു
unarnnu,ഉണർന്നു
unaram,ഉണരാം
unarunnu,ഉണരുന്നു
unarum,ഉണരും
unarilla,ഉണരില്ല
unaran,ഉണരാൻ
chodi,ചോദി
chodichu,ചോദിച്ചു
chodich,ചോദിച്ച്
chodikkam,ചോദിക്കാം
chodikkunnu,ചോദിക്കുന്നു
chodikkum,ചോദിക്കും
chodichilla,ചോദിച്ചില്ല
chodikkilla,ചോദിക്കില്ല
chodikkan,ചോദിക്കാൻ
vili,വിളി
vilichu,വിളിച്ചു
vilich,വിളിച്ച്
vilikkam,വിളിക്കാം
vilikkunnu,വിളിക്കുന്നു
vilikkum,വിളിക്കും
vilichilla,വിളിച്ചില്ല
vilikkilla,വിളിക്കില്ല
vilikkan,വിളിക്കാൻ
kara,കര
karanju,കരഞ്ഞു
karayam,കരയാം
karayunnu,കരയുന്നു
karayum,കരയും
karanjilla,കരഞ്ഞില്ല
karayilla,കരയില്ല
karayalle,കരയല്ലേ
karayan,കരയാൻ
chiri,ചിരി
chirichu,ചിരിച്ചു
chirich,ചിരിച്ച്
chirikkam,ചിരിക്കാം
chirikkunnu,ചിരിക്കുന്നു
chirikkum,ചിരിക്കും
chirichilla,ചിരിച്ചില്ല
chirikkilla,ചിരിക്കില്ല
chirikkan,ചിരിക്കാൻ
ezhuthu,എഴുതു
ezhuthi,എഴുതി
ezhutham,എഴുതാം
ezhuthunnu,എഴുതുന്നു
ezhuthum,എഴുതും
ezhuthiyilla,എഴുതിയില്ല
ezhuthilla,എഴുതില്ല
ezhuthan,എഴുതാൻ
vayi,വായി
vayichu,വായിച്ചു
vayikkam,വായിക്കാം
vayikkunnu,വായിക്കുന്നു
vayikkum,വായിക്കും
vayichilla,വായിച്ചില്ല
vayikkilla,വായിക്കില്ല
vayikkan,വായിക്കാൻ
padi,പഠി
padichu,പഠിച്ചു
padikkam,പഠിക്കാം
padikkunnu,പഠിക്കുന്നു
padikkum,പഠിക്കും
padichilla,പഠിച്ചില്ല
padikkilla,പഠിക്കില്ല
padikkan,പഠിക്കാൻ
ari,അറി
arinju,അറിഞ്ഞു
ariyam,അറിയാം
ariyunnu,അറിയുന്നു
ariyum,അറിയും
arinjilla,അറിഞ്ഞില്ല
ariyilla,അറിയില്ല
ariyan,അറിയാൻ
maran,മറൻ
marannu,മറന്നു
marakkam,മറക്കാം
marakkunnu,മറക്കുന്നു
marakkum,മറക്കും
marannilla,മറന്നില്ല
marakkilla,മറക്കില്ല
marakkan,മറക്കാൻ
thudang,തുടങ്
thudangi,തുടങ്ങി
thudangam,തുടങ്ങാം
thudangunnu,തുടങ്ങുന്നു
thudangum,തുടങ്ങും
thudangiyilla,തുടങ്ങിയില്ല
thudangilla,തുടങ്ങില്ല
thudangan,തുടങ്ങാൻ
theer,തീർ
theernu,തീർന്നു
theerkkam,തീർക്കാം
theerkkunnu,തീർക്കുന്നു
theerkkum,തീർക്കും
theernilla,തീർന്നില്ല
theerkkan,തീർക്കാൻ
nirth,നിർത്ത്
nirthi,നിർത്തി
nirtham,നിർത്താം
nirthunnu,നിർത്തുന്നു
nirthum,നിർത്തും
nirthiyilla,നിർത്തിയില്ല
nirthilla,നിർത്തല്ല
nirthan,നിർത്താൻ
maar,മാർ
maari,മാറി
maattam,മാറ്റാം
maattunnu,മാറ്റുന്നു
maattum,മാറ്റും
maariyilla,മാറിയില്ല
maattan,മാറ്റാൻ
aak,ആക്
aakki,ആക്കി
aakkam,ആക്കാം
aakkunnu,ആക്കുന്നു
aakkum,ആക്കും
aakkiyilla,ആക്കിയില്ല
aakkan,ആക്കാൻ
undak,ഉണ്ടാക്
undakki,ഉണ്ടാക്കി
undakkam,ഉണ്ടാക്കാം
undakkunnu,ഉണ്ടാക്കുന്നു
undakkum,ഉണ്ടാക്കും
undakkiyilla,ഉണ്ടാക്കിയില്ല
undakkan,ഉണ്ടാക്കാൻ
innu,ഇന്ന്
nale,നാളെ
naale,നാളെ
innale,ഇന്നലെ
mattannaal,മറ്റന്നാൾ
mattannal,മറ്റന്നാൾ
thalennu,തലേന്ന്
ippol,ഇപ്പോൾ
ippo,ഇപ്പോ
appol,അപ്പോൾ
appo,അപ്പോ
pinneedu,പിന്നീട്
munpe,മുൻപേ
nerathe,നേരത്തെ
vaigi,വൈകി
rathri,രാത്രി
pakal,പകൽ
ravile,രാവിലെ
ucha,ഉച്ച
uchakku,ഉച്ചയ്ക്ക്
vaikunneram,വൈകുന്നേരം
sandhya,സന്ധ്യ
samayam,സമയം
varsham,വർഷം
masam,മാസം
aazhcha,ആഴ്ച
divasam,ദിവസം
manikoor,മണിക്കൂർ
minitt,മിനിറ്റ്
thingal,തിങ്കൾ
chovva,ചൊവ്വ
budhan,ബുധൻ
vyazham,വ്യാഴം
velli,വെള്ളി
shani,ശനി
njayar,ഞായർ
purathu,പുറത്ത്
akathu,അകത്ത്
ullil,ഉള്ളിൽ
mukalil,മുകളിൽ
mele,മേലെ
thazhe,താഴെ
munnil,മുന്നിൽ
mumbil,മുമ്പിൽ
pinnil,പിന്നിൽ
purakil,പുറകിൽ
nere,നേരെ
idathu,ഇടത്ത്
valathu,വലത്ത്
chuttum,ചുറ്റും
aduthu,അടുത്ത്
dhoore,ദൂരെ
appurathu,അപ്പുറത്ത്
ippurathu,ഇപ്പുറത്ത്
nadukku,നടുക്ക്
angottu,അങ്ങോട്ട്
ingottu,ഇങ്ങോട്ട്
engottu,എങ്ങോട്ട്
avide,അവിടെ
ivide,ഇവിടെ
evidek,എവിടേക്ക്
amma,അമ്മ
ammakku,അമ്മയ്ക്ക്
ammayodu,അമ്മയോട്
ammayude,അമ്മയുടെ
acha,അച്ഛാ
achan,അച്ഛൻ
achanu,അച്ഛന്
achanodu,അച്ഛനോട്
achante,അച്ഛന്റെ
chettan,ചേട്ടൻ
chettanu,ചേട്ടന്
chettanodu,ചേട്ടനോട്
chettante,ചേട്ടന്റെ
chechi,ചേച്ചി
chechiku,ചേച്ചിക്ക്
chechiyodu,ചേച്ചിയോട്
chechiyude,ചേച്ചിയുടെ
aniyan,അനിയൻ
aniyathi,അനിയത്തി
pengal,പെങ്ങൾ
maman,മാമൻ
ammavan,അമ്മാവൻ
mami,മാമി
ammayi,അമ്മായി
muthassan,മുത്തശ്ശൻ
muthassi,മുത്തശ്ശി
appooppan,അപ്പൂപ്പൻ
ammoomma,അമ്മൂമ്മ
makal,മകൾ
makan,മകൻ
makkal,മക്കൾ
bharya,ഭാര്യ
bharthavu,ഭർത്താവ്
sahodharan,സഹോദരൻ
sahodhari,സഹോദരി
aliyan,അളിയൻ
snehithan,സ്നേഹിതൻ
koottukaran,കൂട്ടുകാരൻ
koottukari,കൂട്ടുകാരി
kutti,കുട്ടി
kuttikal,കുട്ടികൾ
aanu,ആൺ
pennu,പെണ്ണ്
purushan,പുരുഷൻ
sthree,സ്ത്രീ
vellam,വെള്ളം
paal,പാൽ
kappi,കാപ്പി
chai,ചായ
chaya,ചായ
meen,മീൻ
irachi,ഇറച്ചി
mutta,മുട്ട
pazham,പഴം
choru,ചോറ്
kootan,കൂട്ടാൻ
curry,കറി
uppu,ഉപ്പ്
panchasara,പഞ്ചസാര
mulaku,മുളക്
thenga,തേങ്ങ
ari,അരി
moru,മോര്
thayiru,തൈര്
neyyu,നെയ്യ്
madhuram,മധുരം
erivu,എരിവ്
puli,പുളി
kaippu,കൈപ്പ്
dosha,ദോശ
idli,ഇഡ്ഡലി
appam,അപ്പം
puttu,പുട്ട്
biriyani,ബിരിയാണി
thala,തല
mudi,മുടി
kannu,കണ്ണ്
mooku,മൂക്ക്
vaaya,വായ
pallu,പല്ല്
nakku,നാക്ക്
chevi,ചെവി
kai,കൈ
kaalu,കാൽ
vayaru,വയറ്
mudhugu,മുതുക്
nenju,നെഞ്ച്
viral,വിരൽ
chundu,ചുണ്ട്
raktham,രക്തം
chora,ചോര
hridayam,ഹൃദയം
mazha,മഴ
veyil,വെയിൽ
kaattu,കാറ്റ്
mannu,മണ്ണ്
kadal,കടൽ
puzha,പുഴ
mala,മല
maram,മരം
chedi,ചെടി
poovu,പൂവ്
suryan,സൂര്യൻ
chandran,ചന്ദ്രൻ
nakshathram,നക്ഷത്രം
aakasham,ആകാശം
bhumi,ഭൂമി
thee,തീ
megham,മേഘം
minnal,മിന്നൽ
idi,ഇടി
iruttu,ഇരുട്ട്
velicham,വെളിച്ചം
kaadu,കാട്
poocha,പൂച്ച
patti,പട്ടി
naaya,നായ
pasu,പശു
aadu,ആട്
kozhi,കോഴി
kakka,കാക്ക
pambu,പാമ്പ്
veedu,വീട്
vandi,വണ്ടി
pusthakam,പുസ്തകം
kalam,കാലം
yathra,യാത്ര
paathram,പാത്രം
thuni,തുണി
uduppu,ഉടുപ്പ്
cherippu,ചെരുപ്പ്
petti,പെട്ടി
vala,വള
maala,മാല
kattil,കട്ടിൽ
kasera,കസേര
mesha,മേശ
jannal,ജനൽ
vaathil,വാതിൽ
adukala,അടുക്കള
muri,മുറി
kannadi,കണ്ണാടി
kathi,കത്തി
koda,കുട
phone,ഫോൺ
paattu,പാട്ട്
padam,പടം
nalla,നല്ല
nallathu,നല്ലത്
cheetha,ചീത്ത
valiya,വലിയ
valuthu,വലുത്
cheriya,ചെറിയ
cheruthu,ചെറുത്
pazhaya,പഴയ
pazhayathu,പഴയത്
puthiya,പുതിയ
puthiyathu,പുതിയത്
sundari,സുന്ദരി
sundaran,സുന്ദരൻ
bhangi,ഭംഗി
vrithi,വൃत्ती
shudham,ശുദ്ധം
thanuppu,തണുപ്പ്
choodu,ചൂട്
katti,കട്ടി
vegam,വേഗം
vegathil,വേഗത്തിൽ
pathukke,പതുക്കെ
kooduthal,കൂടുതൽ
korachu,കുറച്ച്
kurachu,കുറച്ചു
neelam,നീളം
thadi,തടി
melinja,മെലിഞ്ഞ
vella,വെള്ള
karutha,കറുത്ത
chuvanna,ചുവന്ന
pacha,പച്ച
manja,മഞ്ഞ
neela,നീല
ishtam,ഇഷ്ടം
deshyam,ദേഷ്യം
sankadam,സങ്കടം
sangadam,സങ്കടം
santhosham,സന്തോഷം
pedi,പേടി
dhairyam,ധൈര്യം
sneham,സ്നേഹം
pranayam,പ്രണയം
vishwasam,വിശ്വാസം
sathyam,സത്യം
kallam,കള്ളം
nuna,നുണ
thamaasha,തമാശ
karachil,കരച്ചിൽ
aashwasam,ആശ്വാസം
albhutham,അത്ഭുതം
samshayam,സംശയം
kshama,ക്ഷമ
samadhanam,സമാധാനം
ksheenam,ക്ഷീണം
madi,മടി
onnu,ഒന്ന്
randu,രണ്ട്
moonu,മൂന്ന്
nalu,നാല്
anchu,അഞ്ച്
aaru,ആറ്
ezhu,ഏഴ്
ettu,എട്ട്
ombathu,ഒമ്പത്
pathu,പത്ത്
pathinonnu,പതിനൊന്ന്
panthrandu,പന്ത്രണ്ട്
pathimoonnu,പതിമൂന്ന്
pathinalu,പതിനാല്
pathinanchu,പതിനഞ്ച്
pathinaaru,പതിനാറ്
pathinezhu,പതിനേഴ്
pathinettu,പതിനെട്ട്
pathonbathu,പത്തൊമ്പത്
irupathu,ഇരുപത്
irupathyonnu,ഇരുപത്തൊന്ന്
muppathu,മുപ്പത്
narpathu,നാൽപ്പത്
anbathu,അമ്പത്
arupathu,അറുപത്
ezhupathu,എഴുപത്
enbathu,എൺപത്
thonnooru,തൊണ്ണൂറ്
nooru,നൂറ്
aayiram,ആയിരം
laksham,ലക്ഷം
kodi,കോടി
muzhuvan,മുഴുവൻ
pakuthi,പകുതി
onnum,ഒന്നും
otta,ഒറ്റ
pala,പല
chila,ചില
ellam,എല്ലാം
ellavarum,എല്ലാവരും
namaskaram,നമസ്കാരം
swagatham,സ്വാഗതം
sukhamano,സുഖമാണോ
sughamano,സുഖമാണോ
sugham,സുഖം
sukham,സുഖം
kuzhappamilla,കുഴപ്പമില്ല
vishesham,വിശേഷം
enthokkeyund,എന്തൊക്കെയുണ്ട്
aaha,ആഹാ
oho,ഓഹോ
ayyo,അയ്യോ
kashtam,കഷ്ടം
paavam,പാവം
aliya,അളിയാ
machane,മച്ചാനെ
bro,ബ്രോ
gud,ഗുഡ്
mrng,മോണിംഗ്
nyt,നൈറ്റ്
sry,സോറി
tnx,താങ്ക്സ്
thnx,താങ്ക്സ്
wlc,വെൽക്കം
plm,പ്രോബ്ലം
prblm,പ്രോബ്ലം
bz,ബിസി
dnt,ഡോണ്ട്
f9,ഫൈൻ
oky,ഓക്കെ
k,ഓക്കെ
mm,ഉം
mmm,ഉം
kadi,കടി
kadichu,കടിച്ചു
kadich,കടിച്ച്
kadikkam,കടിക്കാം
kadikkunnu,കുടിക്കുന്നു
kadikkum,കടിക്കും
kadichilla,കടിച്ചില്ല
kadikkilla,കടിക്കില്ല
adi,അടി
adichu,അടിച്ചു
adich,അടിച്ച്
adikkam,അടിക്കാം
adikkunnu,അടിക്കുന്നു
adikkum,അടിക്കും
adichilla,അടിച്ചില്ല
adikkilla,അടിക്കില്ല
pidi,പിടി
pidichu,പിടിച്ചു
pidich,പിടിച്ച്
pidikkam,പിടിക്കാം
pidikkunnu,പിടിക്കുന്നു
pidikkum,പിടിക്കും
pidichilla,പിടിച്ചില്ല
pidikkilla,പിടിക്കില്ല
vekku,വെക്കൂ
vechu,വെച്ചു
vech,വെച്ച്
vekkam,വെക്കാം
vekkunnu,വെക്കുന്നു
vekkum,വെക്കും
vechilla,വെച്ചില്ല
vekkilla,വെക്കില്ല
idu,ഇടു
ittu,ഇട്ടു
itt,ഇട്ട്
idam,ഇടാം
idunnu,ഇടുന്നു
idum,ഇടും
ittilla,ഇട്ടില്ല
idilla,ഇടില്ല
thurakku,തുറക്കൂ
thurannu,തുറന്നു
thurann,തുറന്ന്
thurakkam,തുറക്കാം
thurakkunnu,തുറക്കുന്നു
thurakkum,തുറക്കും
thurannilla,തുറന്നില്ല
thurakkilla,തുറക്കില്ല
adakku,അടക്കൂ
adachu,അടച്ചു
adach,അടച്ച്
adakkam,അടക്കാം
adakkunnu,അടക്കുന്നു
adakkum,അടക്കും
adachilla,അടച്ചില്ല
adakkilla,അടക്കില്ല
thallu,തള്ളു
thalli,തള്ളി
thallam,തള്ളാം
thallunnu,തള്ളുന്നു
thallum,തള്ളും
thalliyilla,തള്ളിയില്ല
thallilla,തള്ളില്ല
vali,വലി
valichu,വലിച്ചു
valich,വലിച്ച്
valikkam,വലിക്കാം
valikkunnu,വലിക്കുന്നു
valikkum,വലിക്കും
valichilla,വലിച്ചില്ല
valikkilla,വലിക്കില്ല
veezhu,വീഴു
veenu,വീണു
veen,വീണ്
veezham,വീഴാം
veezhunnu,വീഴുന്നു
veezhum,വീഴും
veenilla,വീണില്ല
veezhilla,വീഴില്ല
ezhunelku,എഴുന്നേൽക്കൂ
ezhunettu,എഴുന്നേറ്റു
ezhunett,എഴുന്നേറ്റ്
ezhunelkam,എഴുന്നേൽക്കാം
ezhunelkunnu,എഴുന്നേൽക്കുന്നു
ezhunelkum,എഴുന്നേൽക്കും
ezhunettilla,എഴുന്നേറ്റില്ല
ezhunelkilla,എഴുന്നേൽക്കില്ല
kuli,കുളി
kulichu,കുളിച്ചു
kulich,കുളിച്ച്
kulikkam,കുളിക്കാം
kulikkunnu,കുളിക്കുന്നു
kulikkum,കുളിക്കും
kulichilla,കുളിച്ചില്ല
kulikkilla,കുളിക്കില്ല
kali,കളി
kalichu,കളിച്ചു
kalich,കളിച്ച്
kalikkam,കളിക്കാം
kalikkunnu,കളിക്കുന്നു
kalikkum,കളിക്കും
kalichilla,കളിച്ചില്ല
kalikkilla,കളിക്കില്ല
paadu,പാടു
paadi,പാടി
paadam,പാടാം
paadunnu,പാടുന്നു
paadum,പാടും
paadiyilla,പാടിയില്ല
paadilla,പാടില്ല
oli,ഒളി
olichu,ഒളിച്ചു
olich,ഒളിച്ച്
olikkam,ഒളിക്കാം
olikkunnu,ഒളിക്കുന്നു
olikkum,ഒളിക്കും
olichilla,ഒളിച്ചില്ല
olikkilla,ഒളിക്കില്ല
vaangu,വാങ്ങു
vaangi,വാങ്ങി
vaangam,വാങ്ങാം
vaangunnu,വാങ്ങുന്നു
vaangum,വാങ്ങും
vaangiyilla,വാങ്ങിയില്ല
vaangilla,വാങ്ങില്ല
vilku,വിൽക്കൂ
vittu,വിറ്റു
vitt,വിറ്റ്
vilkam,വിൽക്കാം
vilkunnu,വിൽക്കുന്നു
vilkum,വിൽക്കും
vittilla,വിറ്റില്ല
vilkilla,വിൽക്കില്ല
ayakku,അയക്കൂ
ayachu,അയച്ചു
ayach,അയച്ച്
ayakkam,അയക്കാം
ayakkunnu,അയക്കുന്നു
ayakkum,അയക്കും
ayachilla,അയച്ചില്ല
ayakkilla,അയക്കില്ല
thirichu,തിരിച്ചു
thirich,തിരിച്ച്
thirikku,തിരിക്കൂ
thirikkam,തിരിക്കാം
thirikkunnu,തിരിക്കുന്നു
thirikkum,തിരിക്കും
thirichilla,തിരിച്ചില്ല
thirikkilla,തിരിക്കില്ല
snehikku,സ്നേഹിക്കൂ
snehichu,സ്നേഹിച്ചു
snehich,സ്നേഹിച്ച്
snehikkam,സ്നേഹിക്കാം
snehikkunnu,സ്നേഹിക്കുന്നു
snehikkum,സ്നേഹിക്കും
snehichilla,സ്നേഹിച്ചില്ല
snehikkilla,സ്നേഹിക്കില്ല
chinthikku,ചിന്തിക്കൂ
chinthichu,ചിന്തിച്ചു
chinthich,ചിന്തിച്ച്
chinthikkam,ചിന്തിക്കാം
chinthikkunnu,ചിന്തിക്കുന്നു
chinthikkum,ചിന്തിക്കും
chinthichilla,ചിന്തിച്ചില്ല
chinthikkilla,ചിന്തിക്കില്ല
vishwasikku,വിശ്വസിക്കൂ
vishwasichu,വിശ്വസിച്ചു
vishwasich,വിശ്വസിച്ച്
vishwasikkam,വിശ്വസിക്കാം
vishwasikkunnu,വിശ്വസിക്കുന്നു
vishwasikkum,വിശ്വസിക്കും
kshami,ക്ഷമി
kshamichu,ക്ഷമിച്ചു
kshamich,ക്ഷമിച്ച്
kshamikkam,ക്ഷമിക്കാം
kshamikkunnu,ക്ഷമിക്കുന്നു
kshamikkum,ക്ഷമിക്കും
kshamichilla,ക്ഷമിച്ചില്ല
kshamikkilla,ക്ഷമിക്കില്ല
sahikku,സഹിക്കൂ
sahichu,സഹിച്ചു
sahich,സഹിച്ച്
sahikkam,സഹിക്കാം
sahikkunnu,സഹിക്കുന്നു
sahikkum,സഹിക്കും
sahichilla,സഹിച്ചില്ല
sahikkilla,സഹിക്കില്ല
jeevikku,ജീവിക്കൂ
jeevichu,ജീവിച്ചു
jeevich,ജീവിച്ച്
jeevikkam,ജീവിക്കാം
jeevikkunnu,ജീവിക്കുന്നു
jeevikkum,ജീവിക്കും
jeevichilla,ജീവിച്ചില്ല
jeevikkilla,ജീവിക്കില്ല
marikku,മരിക്കൂ
marichu,മരിച്ചു
marich,മരിച്ച്
marikkam,മരിക്കാം
marikkunnu,മരിക്കുന്നു
marikkum,മരിക്കും
marichilla,മരിച്ചില്ല
marikkilla,മരിക്കില്ല
jeyikku,ജയിക്കൂ
jeyichu,ജയിച്ചു
jeyich,ജയിച്ച്
jeyikkam,ജയിക്കാം
jeyikkunnu,ജയിക്കുന്നു
jeyikkum,ജയിക്കും
jeyichilla,ജയിച്ചില്ല
jeyikkilla,ജയിക്കില്ല
tholku,തോൽക്കൂ
thottu,തോറ്റു
thott,തോറ്റ്
tholkam,തോൽക്കാം
tholkunnu,തോൽക്കുന്നു
tholkum,തോൽക്കും
thottilla,തോറ്റില്ല
tholkilla,തോൽക്കില്ല
pottu,പൊട്ടു
potti,പൊട്ടി
pottam,പൊട്ടാം
pottunnu,പൊട്ടുന്നു
pottum,പൊട്ടും
pottiyilla,പൊട്ടിയില്ല
pottilla,പൊട്ടില്ല
vettu,വെട്ടു
vetti,വെട്ടി
vettam,വെട്ടാം
vettunnu,വെട്ടുന്നു
vettum,വെട്ടും
vettiyilla,വെട്ടിയില്ല
vettilla,വെട്ടില്ല
thedu,തേടു
thedi,തേടി
thedam,തേടാം
thedunnu,തേടുന്നു
thedum,തേടും
thediyilla,തേടിയില്ല
thedilla,തേടില്ല
onakku,ഉണക്കൂ
onakki,ഉണക്കി
onakkam,ഉണക്കാം
onakkunnu,ഉണക്കുന്നു
onakkum,ഉണക്കും
nanakku,നനക്കൂ
nanachu,നനച്ചു
nanach,നനച്ച്
nanakkam,നനക്കാം
nanakkunnu,നനക്കുന്നു
nanakkum,നനക്കും
uruttu,ഉരുട്ടു
urutti,ഉരുട്ടി
uruttam,ഉരുട്ടാം
uruttunnu,ഉരുട്ടുന്നു
thalodu,തലോടു
thalodi,തലോടി
thalodam,തലോടാം
thalodunnu,തലോടുന്നു
kalu,കഴു
kazhuku,കഴുകൂ
kazhuki,കഴുകി
kazhukam,കഴുകാം
kazhukunnu,കഴുകുന്നു
kazhukum,കഴുകും
kazhukiyilla,കഴുകിയില്ല
kazhukilla,കഴുകില്ല
joli,ജോലി
pani,പണി
kalyanam,കല്യാണം
vivaham,വിവാഹം
chathangu,ചടങ്ങ്
sadhya,സദ്യ
ulsavam,ഉത്സവം
perunnal,പെരുന്നാൾ
nonbu,നോമ്പ്
prarthana,പ്രാർത്ഥന
paditham,പഠിത്തം
pareeksha,പരീക്ഷ
markku,മാർക്ക്
jeyam,ജയം
tholvi,തോൽവി
kachavadam,കച്ചവടം
labham,ലാഭം
nashtam,നഷ്ടം
kooli,കൂലി
shambalam,ശമ്പളം
kaaryam,കാര്യം
prashnam,പ്രശ്നം
utharam,ഉത്തരം
chodyam,ചോദ്യം
theerumanam,തീരുമാനം
abhiprayam,അഭിപ്രായം
sangathi,സംഗതി
avastha,അവസ്ഥ
bhagyam,ഭാഗ്യം
durbhagyam,ദുർഭാഗ്യം
vidhi,വിധി
rahasya,രഹസ്യം
parasyam,പരസ്യം
television,ടെലിവിഷൻ
fan,ഫാൻ
light,ലൈറ്റ്
switch,സ്വിച്ച്
plug,പ്ലഗ്
current,കറന്റ്
vayar,വയർ
bulb,ബൾബ്
tubelight,ട്യൂബ്‌ലൈറ്റ്
kuppi,കുപ്പി
glasu,ഗ്ലാസ്സ്
plate,പ്ലേറ്റ്
chamatti,ചമ്മട്ടി
karandi,കരണ്ടി
thavi,തവി
choodalu,ചൂല്
chooru,ചൂല്
chootu,ചൂട്ട്
chithal,ചിതൽ
pudappu,പുതപ്പ്
thalayana,തലയണ
paaya,പായ
bed,ബെഡ്
sofa,സോഫ
kottayil,കൊട്ടയിൽ
kotta,കൊട്ട
oonjal,ഊഞ്ഞാൽ
mathil,മതിൽ
gate,ഗേറ്റ്
padi,പടി
muttam,മുറ്റം
purambu,പറമ്പ്
thottam,തോട്ടം
veli,വേലി
aana,ആന
kuthira,കുതിര
kaduva,കടുവ
simham,സിംഹം
kurukkan,കുറുക്കൻ
maan,മാൻ
muyal,മുയൽ
panni,പന്നി
kurangu,കുരങ്ങ്
karadi,കരടി
tharavu,താറാവ്
pravu,പ്രാവ്
thatha,തത്ത
mayil,മയിൽ
kokku,കൊക്ക്
parunthu,പരുന്ത്
palli,പല്ലി
paatta,പാറ്റ
kothugu,കൊതുക്
eecha,ഈച്ച
erumbu,ഉറുമ്പ്
urumbu,ഉറുമ്പ്
chilaandhi,ചിലന്തി
thel,തേൾ
thavala,തവള
kulam,കുളം
kinar,കിണർ
thodu,തോട്
kayal,കായൽ
paadam,പാടം
parambu,പറമ്പ്
gramam,ഗ്രാമം
nagaram,നഗരം
pattanam,പട്ടണം
rajyam,രാജ്യം
lokam,ലോകം
kizhakku,കിഴക്ക്
padinjaru,പടിഞ്ഞാറ്
thekku,തെക്ക്
vadakku,വടക്ക്
swargam,സ്വർഗ്ഗം
narakam,നരകം
thadi,താടി
meesha,മീശ
thol,തോൾ
puram,പുറം
muttu,മുട്ട്
madambu,മടമ്പ്
nakham,നഖം
mamsa,മാംസം
ellu,എല്ല്
narambu,ഞരമ്പ്
rogam,രോഗം
asugham,അസുഖം
pani,പനി
chuma,ചുമ
jaladosham,ജലദോഷം
thalavedhana,തലവേദന
marunnu,മരുന്ന്
kashayam,കഷായം
vayaruvedhana,വയറുവേദന
asooya,അസൂയ
aagraham,ആഗ്രഹം
moham,മോഹം
naanam,നാണം
abhimanam,അഭിമാനം
ahangaram,അഹങ്കാരം
garvam,ഗർവ്
vishamam,വിഷമം
budhimuttu,ബുദ്ധിമുട്ട്
eluppam,എളുപ്പം
paadu,പാട്
pedithondan,പേടിത്തൊണ്ടൻ
kallan,കള്ളൻ
midukkan,മിടുക്കൻ
midukki,മിടുക്കി
pottan,പൊട്ടൻ
madiyan,മടിയൻ
mandan,മണ്ടൻ
mandhi,മണ്ടി
kazhutha,കഴുത
bhraanthu,ഭ്രാന്ത്
vattu,വട്ട്
pappadam,പപ്പടം
payasam,പായസം
chammandi,ചമ്മന്തി
achar,അച്ചാർ
upperi,ഉപ്പേരി
boli,ബോളി
jilebi,ജിലേബി
laddu,ലഡ്ഡു
halwa,ഹൽവ
jeerakam,ജീരകം
kurmulaku,കുരുമുളക്
malli,മല്ലി
uluva,ഉലുവ
manjal,മഞ്ഞൾ
chakka,ചക്ക
manga,മാങ്ങ
naranga,നാരങ്ങ
nellikka,നെല്ലിക്ക
thakkali,തക്കാളി
ulli,ഉള്ളി
savala,സവാള
veluthulli,വെളുത്തുള്ളി
inji,ഇഞ്ചി
shirt,ഷർട്ട്
pants,പാന്റ്സ്
mundu,മുണ്ട്
sari,സാരി
thoppi,തൊപ്പി
mukkuthi,മൂക്കുത്തി
mothiram,മോതിരം
kamma,കമ്മൽ
golusu,കൊലുസ്സ്
chain,ചെയിൻ
belt,ബെൽറ്റ്
vasantham,വസന്തം
venal,വേനൽ
varshakalam,വർഷകാലം
manjukalam,മഞ്ഞുകാലം
prabatham,പ്രഭാതം
pradosham,പ്രദോഷം
ardharathri,അർദ്ധരാത്രി
pularcha,പുലർച്ചെ
aandu,ആണ്ട്
thiyathi,തിയ്യതി
appozhekkum,അപ്പോഴേക്കും
ippozhekkum,ഇപ്പോഴേക്കും
eppozhekkum,എപ്പോഴേക്കും
angane,അങ്ങനെ
ingane,ഇങ്ങനെ
atha,അതാ
itha,ഇതാ
avidunnu,അവിടുന്ന്
ividunnu,ഇവിടുന്ന്
evidunnu,എവിടുന്ന്
athrem,അത്രേം
ithrem,ഇത്രേം
ethrem,എത്രേം
angott,അങ്ങോട്ട്
ingott,ഇങ്ങോട്ട്
engott,എങ്ങോട്ട്
aadyam,ആദ്യം
avasanam,അവസാനം
odivil,ഒടുവിൽ
idakku,ഇടയ്ക്ക്
thudakkam,തുടക്കം
ammayiamma,അമ്മായിയമ്മ
ammayiyachan,അമ്മായിയച്ഛൻ
marumakan,മരുമകൻ
marumakal,മരുമകൾ
perakutti,പേരക്കുട്ടി
muthappan,മുത്തപ്പൻ
ammachan,അമ്മാച്ചൻ
ayalkaran,അയൽക്കാരൻ
bandhukkal,ബന്ധുക്കൾ
vishwasikal,വിശ്വാസികൾ
shabdam,ശബ്ദം
ocha,ഒച്ച
nissaram,നിസ്സാരം
gambheeram,ഗംഭീരം
moshama,മോശമാ
verum,വെറും
onnude,ഒന്നൂടെ
kure,കുറെ
orupadu,ഒരുപാട്
valare,വളരെ
theere,തീരെ
aake,ആകെ
aakemotham,ആകെമൊത്തം
mathramalla,മാത്രമല്ല
car,കാർ
bus,ബസ്
lorry,ലോറി
train,ട്രെയിൻ
vimanam,വിമാനം
kappal,കപ്പൽ
vallam,വള്ളം
thoni,തോണി
panthu,പന്ത്
penkuttikal,പെൺകുട്ടികൾ
aankuttikal,ആൺകുട്ടികൾ
aashari,ആശാരി
thattan,തട്ടാൻ
karshakan,കർഷകൻ
thozhilali,തൊഴിലാളി
nethavu,നേതാവ്
ila,ഇല
thandu,തണ്ട്
veru,വേര്
pookkal,പൂക്കൾ
kay,കായ്
visham,വിഷം
amrutham,അമൃതം
raksha,രക്ഷ
shiksha,ശിക്ഷ
arakku,അരയ്ക്ക്
kannam,കവിൾ
purikkom,പുരികം
kanpeeli,കൺപീലി
thooku,തൂക്കൂ
thookki,തൂക്കി
thookkam,തൂക്കാം
niranju,നിറഞ്ഞു
ozhinju,ഒഴിഞ്ഞു
chathuram,ചതുരം
vattam,വട്ടം
urunda,ഉരുണ്ട
kon,കോൺ
doctor,ഡോക്ടർ
engineer,എഞ്ചിനീയർ
mash,മാഷ്
teacher,ടീച്ചർ
police,പോലീസ്
manthri,മന്ത്രി
rajavu,രാജാവ്
rani,റാണി
january,ജനുവരി
february,ഫെബ്രുവരി
march,മാർച്ച്
april,ഏപ്രിൽ
may,മെയ്
june,ജൂൺ
july,ജൂലായ്
august,ഓഗസ്റ്റ്
september,സെപ്റ്റംബർ
october,ഒക്ടോബർ
november,നവംബർ
december,ഡിസംബർ
sunday,സൺഡേ
monday,മൺഡേ
tuesday,ട്യൂസ്ഡേ
wednesday,വെഡ്‌നെസ്ഡേ
thursday,തേർസ്ഡേ
friday,ഫ്രൈഡേ
saturday,സാറ്റർഡേ
office,ഓഫീസ്
school,സ്കൂൾ
college,കോളേജ്
class,ക്ലാസ്സ്
palli,പള്ളി
ambalam,അമ്പലം
panam,പണം
cash,ക്യാഷ്
paisa,പൈസ
roopa,രൂപ
swarnam,സ്വർണ്ണം
velli,വെള്ളി
irumbu,ഇരുമ്പ്
chempu,ചെമ്പ്
vadi,വടി
vaal,വാൾ
thoku,തോക്ക്
aayudham,ആയുധം
papam,പാപം
punyam,പുണ്യം
dharmam,ധർമ്മം
nyayam,ന്യായം
neethi,നീതി
kuttam,കുറ്റം
pidayunnu,പിടയുന്നു
urulunnu,ഉരുളുന്നു
varakkunnu,വരയ്ക്കുന്നു
padakkunnu,പടക്കുന്നു
minnunnu,മിന്നുന്നു
thilangunnu,തിളങ്ങുന്നു
neenthu,നീന്തു
neenthi,നീന്തി
neentham,നീന്താം
neenthunnu,നീന്തുന്നു
neenthum,നീന്തും
neenthiyilla,നീന്തിയില്ല
neenthilla,നീന്തില്ല
neenthan,നീന്താൻ
parakku,പറക്കൂ
parannu,പറന്നു
parakkam,പറക്കാം
parakkunnu,പറക്കുന്നു
parakkum,പറക്കും
parannilla,പറന്നില്ല
parakkilla,പറക്കില്ല
parakkan,പറക്കാൻ
kayaru,കയറു
kayari,കയറി
kayaram,കയറാം
kayarunnu,കയറുന്നു
kayarum,കയറും
kayariyilla,കയറിയില്ല
kayarilla,കയറില്ല
kayaran,കയറാൻ
irangu,ഇറങ്ങു
irangi,ഇറങ്ങി
irangam,ഇറങ്ങാം
irangunnu,ഇറങ്ങുന്നു
irangum,ഇറങ്ങും
irangiyilla,ഇറങ്ങിയില്ല
irangilla,ഇറങ്ങില്ല
irangan,ഇറങ്ങാൻ
padikku,പഠിക്കൂ
padichu,പഠിച്ചു
padikkam,പഠിക്കാം
padikkunnu,പഠിക്കുന്നു
padikkum,പഠിക്കും
padichilla,പഠിച്ചില്ല
padikkilla,പഠിക്കില്ല
padikkan,പഠിക്കാൻ
padippikku,പഠിപ്പിക്കൂ
padippichu,പഠിപ്പിച്ചു
padippikkam,പഠിപ്പിക്കാം
padippikkunnu,പഠിപ്പിക്കുന്നു
padippikkum,പഠിപ്പിക്കും
padippichilla,പഠിപ്പിച്ചില്ല
padippikkilla,പഠിപ്പിക്കില്ല
padippikkan,പഠിപ്പിക്കാൻ
manassilakku,മനസ്സിലാക്കൂ
manassilakki,മനസ്സിലാക്കി
manassilakkam,മനസ്സിലാക്കാം
manassilakkunnu,മനസ്സിലാക്കുന്നു
manassilakkum,മനസ്സിലാക്കും
manassilakkiyilla,മനസ്സിലാക്കിയില്ല
manassilakkilla,മനസ്സിലാക്കില്ല
manassilakkan,മനസ്സിലാക്കാൻ
sahayikku,സഹായിക്കൂ
sahayichu,സഹായിച്ചു
sahayikkam,സഹായിക്കാം
sahayikkunnu,സഹായിക്കുന്നു
sahayikkum,സഹായിക്കും
sahayichilla,സഹായിച്ചില്ല
sahayikkilla,സഹായിക്കില്ല
sahayikkan,സഹായിക്കാൻ
kathirikku,കാത്തിരിക്കൂ
kathirunnu,കാത്തിരുന്നു
kathirikkam,കാത്തിരിക്കാം
kathirikkunnu,കാത്തിരിക്കുന്നു
kathirikkum,കാത്തിരിക്കും
kathirunnilla,കാത്തിരുന്നില്ല
kathirikkilla,കാത്തിരിക്കില്ല
kathirikkan,കാത്തിരിക്കാൻ
thirayu,തിരയൂ
thiranju,തിരഞ്ഞു
thirayam,തിരയാം
thirayunnu,തിരയുന്നു
thirayum,തിരയും
thiranjilla,തിരഞ്ഞില്ല
thirayilla,തിരയില്ല
thirayan,തിരയാൻ
anweshikku,അന്വേഷിക്കൂ
anweshichu,അന്വേഷിച്ചു
anweshikkam,അന്വേഷിക്കാം
anweshikkunnu,അന്വേഷിക്കുന്നു
anweshikkum,അന്വേഷിക്കും
anweshichilla,അന്വേഷിച്ചില്ല
anweshikkilla,അന്വേഷിക്കില്ല
anweshikkan,അന്വേഷിക്കാൻ
samsarikku,സംസാരിക്കൂ
samsarichu,സംസാരിച്ചു
samsarikkam,സംസാരിക്കാം
samsarikkunnu,സംസാരിക്കുന്നു
samsarikkum,സംസാരിക്കും
samsarichilla,സംസാരിച്ചില്ല
samsarikkilla,സംസാരിക്കില്ല
samsarikkan,സംസാരിക്കാൻ
shramikku,ശ്രമിക്കൂ
shramichu,ശ്രമിച്ചു
shramikkam,ശ്രമിക്കാം
shramikkunnu,ശ്രമിക്കുന്നു
shramikkum,ശ്രമിക്കും
shramichilla,ശ്രമിച്ചില്ല
shramikkilla,ശ്രമിക്കില്ല
shramikkan,ശ്രമിക്കാൻ
kottu,കൊട്ടു
kotti,കൊട്ടി
kottam,കൊട്ടാം
kottunnu,കൊട്ടുന്നു
kottum,കൊട്ടും
kottiyilla,കൊട്ടിയില്ല
kottilla,കൊട്ടില്ല
kottan,കൊട്ടാൻ
vara,വര
varachu,വരച്ചു
varakkam,വരക്കാം
varakkunnu,വരക്കുന്നു
varakkum,വരക്കും
varachilla,വരച്ചില്ല
varakkilla,വരക്കില്ല
varakkan,വരക്കാൻ
thodu,തൊടു
thottu,തൊട്ടു
thodam,തൊടാം
thodunnu,തൊടുന്നു
thodum,തൊടും
thottilla,തൊട്ടില്ല
thodilla,തൊടില്ല
thodan,തൊടാൻ
nakku,നക്കു
nakki,നക്കി
nakkam,നക്കാം
nakkunnu,നക്കുന്നു
nakkum,നക്കും
nakkiyilla,നക്കിയില്ല
nakkilla,നക്കില്ല
nakkan,നക്കാൻ
kuzhikku,കുഴിക്കൂ
kuzhichu,കുഴിച്ചു
kuzhikkam,കുഴിക്കാം
kuzhikkunnu,കുഴിക്കുന്നു
kuzhikkum,കുഴിക്കും
kuzhichilla,കുഴിച്ചില്ല
kuzhikkilla,കുഴിക്കില്ല
kuzhikkan,കുഴിക്കാൻ
nirakku,നിറക്കൂ
nirachu,നിറച്ചു
nirakkam,നിറക്കാം
nirakkunnu,നിറക്കുന്നു
nirakkum,നിറക്കും
nirachilla,നിറച്ചില്ല
nirakkilla,നിറക്കില്ല
nirakkan,നിറക്കാൻ
ozhikku,ഒഴിക്കൂ
ozhichu,ഒഴിച്ചു
ozhikkam,ഒഴിക്കാം
ozhikkunnu,ഒഴിക്കുന്നു
ozhikkum,ഒഴിക്കും
ozhichilla,ഒഴിച്ചില്ല
ozhikkilla,ഒഴിക്കില്ല
ozhikkan,ഒഴിക്കാൻ
thullu,തുള്ളു
thulli,തുള്ളി
thullam,തുള്ളാം
thullunnu,തുള്ളുന്നു
thullum,തുള്ളും
thulliyilla,തുള്ളിയില്ല
thullilla,തുള്ളില്ല
thullan,തുള്ളാൻ
mayangu,മയങ്ങു
mayangi,മയങ്ങി
mayangam,മയങ്ങാം
mayangunnu,മയങ്ങുന്നു
mayangum,മയങ്ങും
mayangiyilla,മയങ്ങിയില്ല
mayangilla,മയങ്ങില്ല
mayangan,മയങ്ങാൻ
nadu,നടു
nattu,നട്ടു
nadam,നടാം
nadunnu,നടുന്നു
nadum,നടും
nattilla,നട്ടില്ല
nadilla,നടില്ല
nadan,നടാൻ
parikku,പറിക്കൂ
parichu,പറിച്ചു
parikkam,പറിക്കാം
parikkunnu,പറിക്കുന്നു
parikkum,പറിക്കും
parichilla,പറിച്ചില്ല
parikkilla,പറിക്കില്ല
parikkan,പറിക്കാൻ
chumakku,ചുമക്കൂ
chumandu,ചുമന്നു
chumakkam,ചുമക്കാം
chumakkunnu,ചുമക്കുന്നു
chumakkum,ചുമക്കും
chumandilla,ചുമന്നില്ല
chumakkilla,ചുമക്കില്ല
chumakkan,ചുമക്കാൻ
thilappikku,തിളപ്പിക്കൂ
thilappichu,തിളപ്പിച്ചു
thilappikkam,തിളപ്പിക്കാം
thilappikkunnu,തിളപ്പിക്കുന്നു
thilappikkum,തിളപ്പിക്കും
thilappichilla,തിളപ്പിച്ചില്ല
thilappikkilla,തിളപ്പിക്കില്ല
thilappikkan,തിളപ്പിക്കാൻ
varukku,വറുക്കൂ
varuthu,വറുത്തു
varukkam,വറുക്കാം
varukkunnu,വറുക്കുന്നു
varukkum,വറുക്കും
varuthilla,വറുത്തില്ല
varukkilla,വറുക്കില്ല
varukkan,വറുക്കാൻ
thunnu,തുന്നു
thunni,തുന്നി
thunnam,തുന്നാം
thunnunnu,തുന്നുന്നു
thunnum,തുന്നും
thunniyilla,തുന്നിയില്ല
thunnilla,തുന്നില്ല
thunnan,തുന്നാൻ
thakarkku,തകർക്കൂ
thakarthu,തകർത്തു
thakarkkam,തകർക്കാം
thakarkkunnu,തകർക്കുന്നു
thakarkkum,തകർക്കും
thakarthilla,തകർത്തില്ല
thakarkkilla,തകർക്കില്ല
thakarkkan,തകർക്കാൻ
nirmikku,നിർമ്മിക്കൂ
nirmichu,നിർമ്മിച്ചു
nirmikkam,നിർമ്മിക്കാം
nirmikkunnu,നിർമ്മിക്കുന്നു
nirmikkum,നിർമ്മിക്കും
nirmichilla,നിർമ്മിച്ചില്ല
nirmikkilla,നിർമ്മിക്കില്ല
nirmikkan,നിർമ്മിക്കാൻ
rasikku,രസിക്കൂ
rasichu,രസിച്ചു
rasikkam,രസിക്കാം
rasikkunnu,രസിക്കുന്നു
rasikkum,രസിക്കും
rasichilla,രസിച്ചില്ല
rasikkilla,രസിക്കില്ല
rasikkan,രസിക്കാൻ
pedikku,പേടിക്കൂ
pedichu,പേടിച്ചു
pedikkam,പേടിക്കാം
pedikkunnu,പേടിക്കുന്നു
pedikkum,പേടിക്കും
pedichilla,പേടിച്ചില്ല
pedikkilla,പേടിക്കില്ല
pedikkan,പേടിക്കാൻ
santhoshikku,സന്തോഷിക്കൂ
santhoshichu,സന്തോഷിച്ചു
santhoshikkam,സന്തോഷിക്കാം
santhoshikkunnu,സന്തോഷിക്കുന്നു
santhoshikkum,സന്തോഷിക്കും
santhoshichilla,സന്തോഷിച്ചില്ല
santhoshikkilla,സന്തോഷിക്കില്ല
santhoshikkan,സന്തോഷിക്കാൻ
deshyappedu,ദേഷ്യപ്പെടു
deshyappettu,ദേഷ്യപ്പെട്ടു
deshyappedam,ദേഷ്യപ്പെടാം
deshyappedunnu,ദേഷ്യപ്പെടുന്നു
deshyappedum,ദേഷ്യപ്പെടും
deshyappettilla,ദേഷ്യപ്പെട്ടില്ല
deshyappedilla,ദേഷ്യപ്പെടില്ല
deshyappedan,ദേഷ്യപ്പെടാൻ
albhuthappedu,അത്ഭുതപ്പെടു
albhuthappettu,അത്ഭുതപ്പെട്ടു
albhuthappedam,അത്ഭുതപ്പെടാം
albhuthappedunnu,അത്ഭുതപ്പെടുന്നു
albhuthappedum,അത്ഭുതപ്പെടും
albhuthappettilla,അത്ഭുതപ്പെട്ടില്ല
albhuthappedilla,അത്ഭുതപ്പെടില്ല
albhuthappedan,അത്ഭുതപ്പെടാൻ
thirichariyu,തിരിച്ചറിയൂ
thiricharinju,തിരിച്ചറിഞ്ഞു
thirichariyam,തിരിച്ചറിയാം
thirichariyunnu,തിരിച്ചറിയുന്നു
thirichariyum,തിരിച്ചറിയും
thiricharinjilla,തിരിച്ചറിഞ്ഞില്ല
thirichariyilla,തിരിച്ചറിയില്ല
thirichariyan,തിരിച്ചറിയാൻ
marakku,മറയ്ക്കൂ
marachu,മറച്ചു
marakkam,മറക്കാം
marakkunnu,മറക്കുന്നു
marakkum,മറക്കും
marachilla,മറച്ചില്ല
marakkilla,മറക്കില്ല
marakkan,മറക്കാൻ
kanippikku,കാണിപ്പിക്കൂ
kanippichu,കാണിപ്പിച്ചു
kanippikkam,കാണിപ്പിക്കാം
kanippikkunnu,കാണിപ്പിക്കുന്നു
kanippikkum,കാണിപ്പിക്കും
kanippichilla,കാണിപ്പിച്ചില്ല
kanippikkilla,കാണിപ്പിക്കില്ല
kanippikkan,കാണിപ്പിക്കാൻ
orkku,ഓർക്കൂ
orthu,ഓർത്തു
orkkam,ഓർക്കാം
orkkunnu,ഓർക്കുന്നു
orkkum,ഓർക്കും
orthilla,ഓർത്തില്ല
orkkilla,ഓർക്കില്ല
orkkan,ഓർക്കാൻ
thudakku,തുടക്കൂ
thudachu,തുടച്ചു
thudakkam,തുടക്കാം
thudakkunnu,തുടക്കുന്നു
thudakkum,തുടക്കും
thudachilla,തുടച്ചില്ല
thudakkilla,തുടക്കില്ല
thudakkan,തുടക്കാൻ
karakku,കറക്കൂ
karakki,കറക്കി
karakkam,കറക്കാം
karakkunnu,കറക്കുന്നു
karakkum,കറക്കും
karakkiyilla,കറക്കിയില്ല
karakkilla,കറക്കില്ല
karakkan,കറക്കാൻ
kalarthu,കലർത്തു
kalarthi,കലർത്തി
kalartham,കലർത്താം
kalarthunnu,കലർത്തുന്നു
kalarthum,കലർത്തും
kalarthiyilla,കലർത്തിയില്ല
kalarthilla,കലർത്തില്ല
kalarthan,കലർത്താൻ
madakku,മടക്കൂ
madakki,മടക്കി
madakkam,മടക്കാം
madakkunnu,മടക്കുന്നു
madakkum,മടക്കും
madakkiyilla,മടക്കിയില്ല
madakkilla,മടക്കില്ല
madakkan,മടക്കാൻ
eriyu,എറിയൂ
erinju,എറിഞ്ഞു
eriyam,എറിയാം
eriyunnu,എറിയുന്നു
eriyum,എറിയും
erinjilla,എറിഞ്ഞില്ല
eriyilla,എറിയില്ല
eriyan,എറിയാൻ
oothu,ഊതു
oothi,ഊതി
ootham,ഊതാം
oothunnu,ഊതുന്നു
oothum,ഊതും
oothiyilla,ഊതിയില്ല
oothilla,ഊതില്ല
oothan,ഊതാൻ
unangu,ഉണങ്ങു
unangi,ഉണങ്ങി
unangam,ഉണങ്ങാം
unangunnu,ഉണങ്ങുന്നു
unangum,ഉണങ്ങും
unangiyilla,ഉണങ്ങിയില്ല
unangilla,ഉണങ്ങില്ല
unangan,ഉണങ്ങാൻ
manakku,മണക്കൂ
manathu,മണത്തു
manakkam,മണക്കാം
manakkunnu,മണക്കുന്നു
manakkum,മണക്കും
manathilla,മണത്തില്ല
manakkilla,മണക്കില്ല
manakkan,മണക്കാൻ
kathikku,കത്തിക്കൂ
kathichu,കത്തിച്ചു
kathikkam,കത്തിക്കാം
kathikkunnu,കത്തിക്കുന്നു
kathikkum,കത്തിക്കും
kathichilla,കത്തിച്ചില്ല
kathikkilla,കത്തിക്കില്ല
kathikkan,കത്തിക്കാൻ
choriyu,ചൊറിയൂ
chorinju,ചൊറിഞ്ഞു
choriyam,ചൊറിയാം
choriyunnu,ചൊറിയുന്നു
choriyum,ചൊറിയും
chorinjilla,ചൊറിഞ്ഞില്ല
choriyilla,ചൊറിയില്ല
choriyan,ചൊറിയാൻ
nullu,നുള്ളു
nulli,നുള്ളി
nullam,നുള്ളാം
nullunnu,നുള്ളുന്നു
nullum,നുള്ളും
nulliyilla,നുള്ളിയില്ല
nullilla,നുള്ളില്ല
nullan,നുള്ളാൻ
chavakku,ചവക്കൂ
chavachu,ചവച്ചു
chavakkam,ചവക്കാം
chavakkunnu,ചവക്കുന്നു
chavakkum,ചവക്കും
chavachilla,ചവച്ചില്ല
chavakkilla,ചവക്കില്ല
chavakkan,ചവക്കാൻ
vizhungu,വിഴുങ്ങു
vizhungi,വിഴുങ്ങി
vizhungam,വിഴുങ്ങാം
vizhungunnu,വിഴുങ്ങുന്നു
vizhungum,വിഴുങ്ങും
vizhungiyilla,വിഴുങ്ങിയില്ല
vizhungilla,വിഴുങ്ങില്ല
vizhungan,വിഴുങ്ങാൻ
kettu,കെട്ടു
ketti,കെട്ടി
kettam,കെട്ടാം
kettunnu,കെട്ടുന്നു
kettum,കെട്ടും
kettiyilla,കെട്ടിയില്ല
kettilla,കെട്ടില്ല
kettan,കെട്ടാൻ
azhikku,അഴിക്കൂ
azhichu,അഴിച്ചു
azhikkam,അഴിക്കാം
azhikkunnu,അഴിക്കുന്നു
azhikkum,അഴിക്കും
azhichilla,അഴിച്ചില്ല
azhikkilla,അഴിക്കില്ല
azhikkan,അഴിക്കാൻ
poottu,പൂട്ടൂ
pootti,പൂട്ടി
poottam,പൂട്ടാം
poottunnu,പൂട്ടുന്നു
poottum,പൂട്ടും
poottiyilla,പൂട്ടിയില്ല
poottilla,പൂട്ടില്ല
poottan,പൂട്ടാൻ
keeru,കീറൂ
keeri,കീറി
keeram,കീറാം
keerunnu,കീറുന്നു
keerum,കീറും
keeriyilla,കീറിയില്ല
keerilla,കീറില്ല
keeran,കീറാൻ
pothiyu,പൊതിയൂ
pothinju,പൊതിഞ്ഞു
pothiyam,പൊതിയാം
pothiyunnu,പൊതിയുന്നു
pothiyum,പൊതിയും
pothinjilla,പൊതിഞ്ഞില്ല
pothiyilla,പൊതിയില്ല
pothiyan,പൊതിയാൻ
alakk,അളക്കൂ
alannu,അളന്നു
alakkam,അളക്കാം
alakkunnu,അളക്കുന്നു
alakkum,അളക്കും
alannilla,അളന്നില്ല
alakkilla,അളക്കില്ല
alakkan,അളക്കാൻ
alukku,അലക്കൂ
alukki,അലക്കി
alukkam,അലക്കാം
alukkunnu,അലക്കുന്നു
alukkum,അലക്കും
alukkiyilla,അലക്കിയില്ല
alukkilla,അലക്കില്ല
alukkan,അലക്കാൻ
uyarthu,ഉയർത്തു
uyarthi,ഉയർത്തി
uyartham,ഉയർത്താം
uyarthunnu,ഉയർത്തുന്നു
uyarthum,ഉയർത്തും
uyarthiyilla,ഉയർത്തിയില്ല
uyarthilla,ഉയർത്തില്ല
uyarthan,ഉയർത്താൻ
thazhthu,താഴ്ത്തു
thazhthi,താഴ്ത്തി
thazhtham,താഴ്ത്താം
thazhthunnu,താഴ്ത്തുന്നു
thazhthum,താഴ്ത്തും
thazhthiyilla,താഴ്ത്തിയില്ല
thazhthilla,താഴ്ത്തില്ല
thazhthan,താഴ്ത്താൻ
amarthu,അമർത്തു
amarthi,അമർത്തി
amartham,അമർത്താം
amarthunnu,അമർത്തുന്നു
amarthum,അമർത്തും
amarthiyilla,അമർത്തിയില്ല
amarthilla,അമർത്തില്ല
amarthan,അമർത്താൻ
urasu,ഉരസു
urasi,ഉരസി
urasam,ഉരസാം
urasunnu,ഉരസുന്നു
urasum,ഉരസും
urasiyilla,ഉരസിയില്ല
urasilla,ഉരസില്ല
urasan,ഉരസാൻ
adichuvaru,അടിച്ചുവാരു
adichuvari,അടിച്ചുവാരി
adichuvaram,അടിച്ചുവാരാം
adichuvarunnu,അടിച്ചുവാരുന്നു
adichuvarum,അടിച്ചുവാരും
adichuvariyilla,അടിച്ചുവാരിയില്ല
adichuvarilla,അടിച്ചുവാരില്ല
adichuvaran,അടിച്ചുവാരാൻ
ottikku,ഒട്ടിക്കൂ
ottichu,ഒട്ടിച്ചു
ottikkam,ഒട്ടിക്കാം
ottikkunnu,ഒട്ടിക്കുന്നു
ottikkum,ഒട്ടിക്കും
ottichilla,ഒട്ടിച്ചില്ല
ottikkilla,ഒട്ടിക്കില്ല
ottikkan,ഒട്ടിക്കാൻ
tholikk,തൊലിക്കൂ
tholichu,തൊലിച്ചു
tholikkam,തൊലിക്കാം
tholikkunnu,തൊലിക്കുന്നു
tholikkum,തൊലിക്കും
tholichilla,തൊലിച്ചില്ല
tholikkilla,തൊലിക്കില്ല
tholikkan,തൊലിക്കാൻ
arikku,അരിക്കൂ
arichu,അരിച്ചു
arikkam,അരിക്കാം
arikkunnu,അരിക്കുന്നു
arikkum,അരിക്കും
arichilla,അരിച്ചില്ല
arikkilla,അരിക്കില്ല
arikkan,അരിക്കാൻ
arakku,അരക്കൂ
arachu,അരച്ചു
arakkam,അരക്കാം
arakkunnu,അരക്കുന്നു
arakkum,അരക്കും
arachilla,അരച്ചില്ല
arakkilla,അരക്കില്ല
arakkan,അരക്കാൻ
chathakku,ചതക്കൂ
chathachu,ചതച്ചു
chathakkam,ചതക്കാം
chathakkunnu,ചതക്കുന്നു
chathakkum,ചതക്കും
chathachilla,ചതച്ചില്ല
chathakkilla,ചതക്കില്ല
chathakkan,ചതക്കാൻ
sammathikku,സമ്മതിക്കൂ
sammathichu,സമ്മതിച്ചു
sammathikkam,സമ്മതിക്കാം
sammathikkunnu,സമ്മതിക്കുന്നു
sammathikkum,സമ്മതിക്കും
sammathichilla,സമ്മതിച്ചില്ല
sammathikkilla,സമ്മതിക്കില്ല
sammathikkan,സമ്മതിക്കാൻ
nishedhikku,നിഷേധിക്കൂ
nishedhichu,നിഷേധിച്ചു
nishedhikkam,നിഷേധിക്കാം
nishedhikkunnu,നിഷേധിക്കുന്നു
nishedhikkum,നിഷേധിക്കും
nishedhichilla,നിഷേധിച്ചില്ല
nishedhikkilla,നിഷേധിക്കില്ല
nishedhikkan,നിഷേധിക്കാൻ
anugrahikku,അനുഗ്രഹിക്കൂ
anugrahichu,അനുഗ്രഹിച്ചു
anugrahikkam,അനുഗ്രഹിക്കാം
anugrahikkunnu,അനുഗ്രഹിക്കുന്നു
anugrahikkum,അനുഗ്രഹിക്കും
anugrahichilla,അനുഗ്രഹിച്ചില്ല
anugrahikkilla,അനുഗ്രഹിക്കില്ല
anugrahikkan,അനുഗ്രഹിക്കാൻ
shapikku,ശപിക്കൂ
shapichu,ശപിച്ചു
shapikkam,ശപിക്കാം
shapikkunnu,ശപിക്കുന്നു
shapikkum,ശപിക്കും
shapichilla,ശപിച്ചില്ല
shapikkilla,ശപിക്കില്ല
shapikkan,ശപിക്കാൻ
aarambhikku,ആരംഭിക്കൂ
aarambhichu,ആരംഭിച്ചു
aarambhikkam,ആരംഭിക്കാം
aarambhikkunnu,ആരംഭിക്കുന്നു
aarambhikkum,ആരംഭിക്കും
aarambhichilla,ആരംഭിച്ചില്ല
aarambhikkilla,ആരംഭിക്കില്ല
aarambhikkan,ആരംഭിക്കാൻ
avasanikku,അവസാനിക്കൂ
avasanichu,അവസാനിച്ചു
avasanikkam,അവസാനിക്കാം
avasanikkunnu,അവസാനിക്കുന്നു
avasanikkum,അവസാനിക്കും
avasanichilla,അവസാനിച്ചില്ല
avasanikkilla,അവസാനിക്കില്ല
avasanikkan,അവസാനിക്കാൻ
janikku,ജനിക്കൂ
janichu,ജനിച്ചു
janikkam,ജനിക്കാം
janikkunnu,ജനിക്കുന്നു
janikkum,ജനിക്കും
janichilla,ജനിച്ചില്ല
janikkilla,ജനിക്കില്ല
janikkan,ജനിക്കാൻ
valaru,വളരു
valarnnu,വളർന്നു
valaram,വളരാം
valarunnu,വളരുന്നു
valarum,വളരും
valarnnilla,വളർന്നില്ല
valarilla,വളരില്ല
valaran,വളരാൻ
viriyu,വിരിയൂ
virinju,വിരിഞ്ഞു
viriyam,വിരിയാം
viriyunnu,വിരിയുന്നു
viriyum,വിരിയും
virinjilla,വിരിഞ്ഞില്ല
viriyilla,വിറിയില്ല
viriyan,വിരിയാൻ
vaadu,വാടു
vaadi,വാടി
vaadam,വാടാം
vaadunnu,വാടുന്നു
vaadum,വാടും
vaadiyilla,വാടിയില്ല
vaadilla,വാടില്ല
vaadan,വാടാൻ
urugu,ഉരുകു
urugi,ഉരുകി
urugam,ഉരുകാം
urugunnu,ഉരുകുന്നു
urugum,ഉരുകും
urugiyilla,ഉരുകിയില്ല
urugilla,ഉരുകില്ല
urugan,ഉരുകാൻ
kattiyaagu,കട്ടിയാകു
kattiyaagi,കട്ടിയായി
kattiyaagam,കട്ടിയാകാം
kattiyaagunnu,കട്ടിയാകുന്നു
kattiyaagum,കട്ടിയാകും
kattiyaagiyilla,കട്ടിയായില്ല
kattiyaagilla,കട്ടിയാകില്ല
kattiyaagan,കട്ടിയാകാൻ
pongu,പൊങ്ങു
pongi,പൊങ്ങി
pongam,പൊങ്ങാം
pongunnu,പൊങ്ങുന്നു
pongum,പൊങ്ങും
pongiyilla,പൊങ്ങിയില്ല
pongilla,പൊങ്ങില്ല
pongan,പൊങ്ങാൻ
thazhu,താഴൂ
thazhnu,താഴ്ന്നു
thazham,താഴാം
thazhunnu,താഴുന്നു
thazhum,താഴും
thazhnilla,താഴ്ന്നില്ല
thazhilla,താഴില്ല
thazhan,താഴാൻ
rakshikku,രക്ഷിക്കൂ
rakshichu,രക്ഷിച്ചു
rakshikkam,രക്ഷിക്കാം
rakshikkunnu,രക്ഷിക്കുന്നു
rakshikkum,രക്ഷിക്കും
rakshichilla,രക്ഷിച്ചില്ല
rakshikkilla,രക്ഷിക്കില്ല
rakshikkan,രക്ഷിക്കാൻ
shikshikku,ശിക്ഷിക്കൂ
shikshichu,ശിക്ഷിച്ചു
shikshikkam,ശിക്ഷിക്കാം
shikshikkunnu,ശിക്ഷിക്കുന്നു
shikshikkum,ശിക്ഷിക്കും
shikshichilla,ശിക്ഷിച്ചില്ല
shikshikkilla,ശിക്ഷിക്കില്ല
shikshikkan,ശിക്ഷിക്കാൻ
porukku,പൊറുക്കൂ
poruthu,പൊറുത്തു
porukkam,പൊറുക്കാം
porukkunnu,പൊറുക്കുന്നു
porukkum,പൊറുക്കും
poruthilla,പൊറുത്തില്ല
porukkilla,പൊറുക്കില്ല
porukkan,പൊറുക്കാൻ
shasikku,ശാസിക്കൂ
shasichu,ശാസിച്ചു
shasikkam,ശാസിക്കാം
shasikkunnu,ശാസിക്കുന്നു
shasikkum,ശാസിക്കും
shasichilla,ശാസിച്ചില്ല
shasikkilla,ശാസിക്കില്ല
shasikkan,ശാസിക്കാൻ
thennu,തെന്നൂ
thenni,തെന്നി
thennam,തെന്നാം
thennunnu,തെന്നുന്നു
thennum,തെന്നും
thenniyilla,തെന്നിയില്ല
thennilla,തെന്നില്ല
thennan,തെന്നാൻ
izhayu,ഇഴയൂ
izhanju,ഇഴഞ്ഞു
izhayam,ഇഴയാം
izhayunnu,ഇഴയുന്നു
izhayum,ഇഴയും
izhanjilla,ഇഴഞ്ഞില്ല
izhayilla,ഇഴയില്ല
izhayan,ഇഴയാൻ
valayu,വളയൂ
valanju,വളഞ്ഞു
valayam,വളയാം
valayunnu,വളയുന്നു
valayum,വളയും
valanjilla,വളഞ്ഞില്ല
valayilla,വളയില്ല
valayan,വളയാൻ
odiyu,ഒടിയൂ
odinju,ഒടിഞ്ഞു
odiyam,ഒടിയാം
odiyunnu,ഒടിയുന്നു
odiyum,ഒടിയും
odinjilla,ഒടിഞ്ഞില്ല
odiyilla,ഒടിയില്ല
odiyan,ഒടിയാൻ
odikku,ഒടിക്കൂ
odichu,ഒടിച്ചു
odikkam,ഒടിക്കാം
odikkunnu,ഒടിക്കുന്നു
odikkum,ഒടിക്കും
odichilla,ഒടിച്ചില്ല
odikkilla,ഒടിക്കില്ല
odikkan,ഒടിക്കാൻ
kalayu,കളയൂ
kalanju,കളഞ്ഞു
kalayam,കളയാം
kalayunnu,കളയുന്നു
kalayum,കളയും
kalanjilla,കളഞ്ഞില്ല
kalayilla,കളയില്ല
kalayan,കളയാൻ
kittu,കിട്ടൂ
kitti,കിട്ടി
kittam,കിട്ടാം
kittunnu,കിട്ടുന്നു
kittum,കിട്ടും
kittiyilla,കിട്ടിയില്ല
kittilla,കിട്ടില്ല
kittan,കിട്ടാൻ
pakaru,പകരു
pakarnnu,പകർന്നു
pakaram,പകരാം
pakarunnu,പകരുന്നു
pakarum,പകരും
pakarnnilla,പകർന്നില്ല
pakarilla,പകരില്ല
pakaran,പകരാൻ
parathu,പരത്തു
parathi,പരത്തി
paratham,പരത്താം
parathunnu,പരത്തുന്നു
parathum,പരത്തും
parathiyilla,പരത്തിയില്ല
parathilla,പരത്തില്ല
parathan,പരത്താൻ
thalarku,തളർക്കൂ
thalarnnu,തളർന്നു
thalarkam,തളർക്കാം
thalarkunnu,തളർക്കുന്നു
thalarkum,തളർക്കും
thalarnnilla,തളർന്നില്ല
thalarkilla,തളർക്കില്ല
thalarkan,തളർക്കാൻ
marikadakku,മറികടക്കൂ
marikadannu,മറികടന്നു
marikadakkam,മറികടക്കാം
marikadakkunnu,മറികടക്കുന്നു
marikadakkum,മറികടക്കും
marikadannilla,മറികടന്നില്ല
marikadakkilla,മറികടക്കില്ല
marikadakkan,മറികടക്കാൻ
mungu,മുങ്ങു
mungi,മുങ്ങി
mungam,മുങ്ങാം
mungunnu,മുങ്ങുന്നു
mungum,മുങ്ങും
mungiyilla,മുങ്ങിയില്ല
mungilla,മുങ്ങില്ല
mungan,മുങ്ങാൻ
vazhuthu,വഴുതു
vazhuthi,വഴുതി
vazhutham,വഴുതാം
vazhuthunnu,വഴുതുന്നു
vazhuthum,വഴുതും
vazhuthiyilla,വഴുതിയില്ല
vazhuthilla,വഴുതില്ല
vazhuthan,വഴുതാൻ
thuppu,തുപ്പു
thuppi,തുപ്പി
thuppam,തുപ്പാം
thuppunnu,തുപ്പുന്നു
thuppum,തുപ്പും
thuppiyilla,തുപ്പിയില്ല
thuppilla,തുപ്പില്ല
thuppan,തുപ്പാൻ
thummu,തുമ്മു
thummi,തുമ്മി
thummam,തുമ്മാം
thummunnu,തുമ്മുന്നു
thummum,തുമ്മും
thummiyilla,തുമ്മിയില്ല
thummilla,തുമ്മില്ല
thumman,തുമ്മാൻ
konju,കൊഞ്ചു
konji,കൊഞ്ചി
konjam,കൊഞ്ചാം
konjunnu,കൊഞ്ചുന്നു
konjum,കൊഞ്ചും
konjiyilla,കൊഞ്ചിയില്ല
konjilla,കൊഞ്ചില്ല
konjan,കൊഞ്ചാൻ
koorkkamvalikku,കൂർക്കംവലിക്കൂ
koorkkamvalichu,കൂർക്കംവലിച്ചു
koorkkamvalikkam,കൂർക്കംവലിക്കാം
koorkkamvalikkunnu,കൂർക്കംവലിക്കുന്നു
koorkkamvalikkum,കൂർക്കംവലിക്കും
koorkkamvalichilla,കൂർക്കംവലിച്ചില്ല
koorkkamvalikkilla,കൂർക്കംവലിക്കില്ല
koorkkamvalikkan,കൂർക്കംവലിക്കാൻ
kikiliyakku,കിക്കിളിയാക്കൂ
kikiliyakki,കിക്കിളിയാക്കി
kikiliyakkam,കിക്കിളിയാക്കാം
kikiliyakkunnu,കിക്കിളിയാക്കുന്നു
kikiliyakkum,കിക്കിളിയാക്കും
kikiliyakkiyilla,കിക്കിളിയാക്കിയില്ല
kikiliyakkilla,കിക്കിളിയാക്കില്ല
kikiliyakkan,കിക്കിളിയാക്കാൻ
irakku,ഇരക്കൂ
irannu,ഇരന്നു
irakkam,ഇരക്കാം
irakkunnu,ഇരക്കുന്നു
irakkum,ഇരക്കും
irannilla,ഇരന്നില്ല
irakkilla,ഇരക്കില്ല
irakkan,ഇരക്കാൻ
prarthikku,പ്രാർത്ഥിക്കൂ
prarthichu,പ്രാർത്ഥിച്ചു
prarthikkam,പ്രാർത്ഥിക്കാം
prarthikkunnu,പ്രാർത്ഥിക്കുന്നു
prarthikkum,പ്രാർത്ഥിക്കും
prarthichilla,പ്രാർത്ഥിച്ചില്ല
prarthikkilla,പ്രാർത്ഥിക്കില്ല
prarthikkan,പ്രാർത്ഥിക്കാൻ
aaradikhikku,ആരാധിക്കൂ
aaradikhichu,ആരാധിച്ചു
aaradikhikkam,ആരാധിക്കാം
aaradikhikkunnu,ആരാധിക്കുന്നു
aaradikhikkum,ആരാധിക്കും
aaradikhichilla,ആരാധിച്ചില്ല
aaradikhikkilla,ആരാധിക്കില്ല
aaradikhikkan,ആരാധിക്കാൻ
patta,പട്ട
grambu,ഗ്രാമ്പൂ
elakka,ഏലക്ക
perunjeerakam,പെരുംജീരകം
jathikka,ജാതിക്ക
kunkumappoovu,കുങ്കുമപ്പൂവ്
ayamodakam,അയമോദകം
kayam,കായം
sarkara,ശർക്കര
then,തേൻ
enna,എണ്ണ
velichenna,വെളിച്ചെണ്ണ
nallenna,നല്ലെണ്ണ
kadugenna,കടുഗെണ്ണ
karingeerakam,കരിഞ്ചീരകം
kasakasa,കശകശ
muringakka,മുരിങ്ങക്ക
vendakka,വെണ്ടക്ക
pavakka,പാവക്ക
padavalanga,പടവലങ്ങ
chorakka,ചുരക്ക
mathanga,മത്തങ്ങ
kumbalanga,കുമ്പളങ്ങ
vellarikka,വെള്ളരിക്ക
peechinga,പീച്ചിങ്ങ
kachil,കാച്ചിൽ
chembu,ചേമ്പ്
chena,ചേന
kaya,കായ
vazhakka,വാഴക്ക
koovappodi,കൂവപ്പൊടി
kizhangu,കിഴങ്ങ്
mullangi,മുള്ളങ്കി
kovaika,കോവക്ക
muringaila,മുരിങ്ങയില
thavidu,തവിട്
thondu,തൊണ്ട്
koduval,കൊടുവാൾ
mazhu,മഴു
chuttika,ചുറ്റിക
aani,ആണി
thakol,താക്കോൽ
urulu,ഉരുളി
ulakka,ഉലക്ക
ammikallu,അമ്മിക്കല്ല്
aattukallu,ആട്ടുകല്ല്
choolan,ചൂളൻ
mezhukuthiri,മെഴുകുതിരി
theepetti,തീപ്പെട്ടി
charadu,ചരട്
sooji,സൂചി
kathrikka,കത്രിക
vala,വല
chunda,ചൂണ്ട
cheepu,ചീപ്പ്
thorthu,തോർത്ത്
kannada,കണ്ണട
shoo,ഷൂ
graham,ഗ്രഹം
kodunkattu,കൊടുങ്കാറ്റ്
manal,മണൽ
kallu,കല്ല്
cheri,ചെളി
cheli,ചെളി
podi,പൊടി
puka,പുക
shakthi,ശക്തി
athmavu,ആത്മാവ്
vyakulam,വ്യാകുലം
sandeham,സന്ദേഹം
apamanam,അപമാനം
bahumanam,ബഹുമാനം
kama,കാമം
lobha,ലോഭം
mada,മദം
matsarya,മാത്സര്യം
aswastham,അസ്വസ്ഥം
shantham,ശാന്തം
aazham,ആഴം
veethi,വീതി
uyaram,ഉയരം
bharam,ഭാരം
laghu,ലഘു
mridu,മൃദു
nananja,നനഞ്ഞ
unangiya,ഉണങ്ങിയ
vrithiyulla,വൃത്തിയുള്ള
azhukkaya,അഴുക്കായ
aazhamulla,ആഴമുള്ള
aazhamillatha,ആഴമില്ലാത്ത
veethiyulla,വീതിയുള്ള
irungiya,ഇടുങ്ങിയ
uyaramulla,ഉയരമുള്ള
pothamulla,പൊക്കമുള്ള
shakthiyulla,ശക്തിയുള്ള
durbalamaya,ദുർബ്ബലമായ
vakkeel,വക്കീൽ
nyayadhipan,ന്യായാധിപൻ
rogikal,രോഗികൾ
vaidyar,വൈദ്യർ
kavi,കവി
gayakan,ഗായകൻ
nadan,നടൻ
nadi,നടി
muthalali,മുതലാളി
shathru,ശത്രു
thozhan,തോഴൻ
thozhi,തോഴി
kuttavali,കുറ്റവാളി
athidhi,അതിഥി
athitheyan,അതിഥേയൻ
aparichithan,അപരിചിതൻ
vidhava,വിധവ
anadha,അനാഥ
vivahamochanam,വിവാഹമോചനം
katha,കഥ
kavitha,കവിത
natakam,നാടകം
charithram,ചരിത്രം
bhasha,ഭാഷ
lipi,ലിപി
aksharam,അക്ഷരം
vaaku,വാക്ക്
vari,വരി
page,പേജ്
mashi,മഷി
pena,പേന
pencil,പെൻസിൽ
cinema,സിനിമ
ticket,ടിക്കറ്റ്
bill,ബിൽ
photo,ഫോട്ടോ
video,വീഡിയോ
message,മെസ്സേജ്
call,കോൾ
internet,ഇന്റർനെറ്റ്
computer,കമ്പ്യൂട്ടർ
mobile,മൊബൈൽ
thuda,തുട
pokkil,പൊക്കിൾ
thondda,തൊണ്ട
nadi,നാഡി
viyarppu,വിയർപ്പ്
kaneer,കണ്ണീർ
ugiru,ഉയിര്
chorichil,ചൊറിച്ചിൽ
vedhana,വേദന
enthelum,എന്തേലും
aarelum,ആരേലും
evidelum,എവിടേലും
eppozhelum,എപ്പോഴേലും
enganelum,എങ്ങനേലും
mikkavarum,മിക്കവാറും
chilarppol,ചിലർപ്പോൾ
orikkalum,ഒരിക്കലും
engum,എങ്ങും
chumma,ചുമ്മാ
shokam,ശോകം
poli,പൊളി
pwoli,പൊളി
chali,ചളി
moonji,മൂഞ്ചി
shavam,ശവം
daridryam,ദാരിദ്ര്യം
scene,സീൻ
dark,ഡാർക്ക്
theppu,തേപ്പ്
set,സെറ്റ്
power,പവർ
uyir,ഉയിർ
chunk,ചങ്ക്
scooter,സ്കൂട്ടർ
bike,ബൈക്ക്
cycle,സൈക്കിൾ
auto,ഓട്ടോ
rickshaw,റിക്ഷ
theevandi,തീവണ്ടി
sthalam,സ്ഥലം
disha,ദിശ
theeram,തീരം
paara,പാറ
kunnu,കുന്ന്
thazhvara,താഴ്‌വര
dweepu,ദ്വീപ്
kadalppuram,കടൽപ്പുറം
pookkalam,പൂക്കളം
onam,ഓണം
vishu,വിഷു
bakrid,ബക്രീദ്
ramzan,റംസാൻ
christmas,ക്രിസ്മസ്
karuppu,കറുപ്പ്
chuvappu,ചുവപ്പ്
thavittu,തവിട്ട്
charam,ചാരം
swarnaniram,സ്വർണ്ണനിറം
velliniram,വെള്ളിനിറം
gulabi,ഗുലാബി
purathekku,പുറത്തേക്ക്
akathekku,അകത്തേക്ക്
mukalilekku,മുകളിലേക്ക്
thazhekku,താഴേക്ക്
munnottu,മുന്നോട്ട്
pinnottu,പിന്നോട്ട്
idathottu,ഇടത്തോട്ട്
valathottu,വലത്തോട്ട്
kacha,കച്ച
panji,പഞ്ഞി
patt,പട്ട്
kambili,കമ്പിളി
nool,നൂൽ
kayaru,കയറ്
valli,വള്ളി
guliga,ഗുളിക
kashayam,കഷായം
injection,ഇഞ്ചക്ഷൻ
oushadham,ഔഷധം
chikilsa,ചികിത്സ
arogiyam,ആരോഗ്യം
vyayamam,വ്യായാമം
asanam,ആസനം
vidyabhyasam,വിദ്യാഭ്യാസം
vijnanam,വിജ്ഞാനം
jnanam,ജ്ഞാനം
parijayam,പരിചയം
thozhil,തൊഴിൽ
vyaparam,വ്യാപാരം
vyavasayam,വ്യവസായം
krishi,കൃഷി
vilavu,വിളവ്
vithu,വിത്ത്
valam,വളം
jalam,ജലം
vayu,വായു
mixie,മിക്സി
grinder,ഗ്രൈൻഡർ
stove,സ്റ്റൗവ്
oven,ഓവൻ
fridge,ഫ്രിഡ്ജ്
bucket,ബക്കറ്റ്
mug,മഗ്
chooral,ചൂരൽ
piriyani,പിരിയാണി
chattukam,ചട്ടുകം
appachatti,അപ്പച്ചട്ടി
thattu,തട്ട്
kindi,കിണ്ടി
vriksham,വൃക്ഷം
aruvi,അരുവി
chola,ചോല
paravatham,പർവ്വതം
mukk,മുക്ക്
valavu,വളവ്
thirivu,തിരിവ്
pala,പാലം
keni,കേണി
roopam,രൂപം
bhavam,ഭാവം
gandham,ഗന്ധം
sparsham,സ്പർശം
ruchi,രുചി
kelvi,കേൾവി
kazhcha,കാഴ്ച
orma,ഓർമ്മ
swapnam,സ്വപ്നം
lakshyam,ലക്ഷ്യം
vijayam,വിജയം
prapancham,പ്രപഞ്ചം
grahanam,ഗ്രഹണം
pattikku,പറ്റിക്കൂ
pattichu,പറ്റിച്ചു
pattikkam,പറ്റിക്കാം
pattikkunnu,പറ്റിക്കുന്നു
pattikkum,പറ്റിക്കും
pattichilla,പറ്റിച്ചില്ല
pattikkilla,പറ്റിക്കില്ല
pattikkan,പറ്റിക്കാൻ
vanchikku,വഞ്ചിക്കൂ
vanchichu,വഞ്ചിച്ചു
vanchikkam,വഞ്ചിക്കാം
vanchikkunnu,വഞ്ചിക്കുന്നു
vanchikkum,വഞ്ചിക്കും
vanchichilla,വഞ്ചിച്ചില്ല
vanchikkilla,വഞ്ചിക്കില്ല
vanchikkan,വഞ്ചിക്കാൻ
upekshikku,ഉപേക്ഷിക്കൂ
upekshichu,ഉപേക്ഷിച്ചു
upekshikkam,ഉപേക്ഷിക്കാം
upekshikkunnu,ഉപേക്ഷിക്കുന്നു
upekshikkum,ഉപേക്ഷിക്കും
upekshichilla,ഉപേക്ഷിച്ചില്ല
upekshikkilla,ഉപേക്ഷിക്കില്ല
upekshikkan,ഉപേക്ഷിക്കാൻ
ozhivakku,ഒഴിവാക്കൂ
ozhivakki,ഒഴിവാക്കി
ozhivakkam,ഒഴിവാക്കാം
ozhivakkunnu,ഒഴിവാക്കുന്നു
ozhivakkum,ഒഴിവാക്കും
ozhivakkiyilla,ഒഴിവാക്കിയില്ല
ozhivakkilla,ഒഴിവാക്കില്ല
ozhivakkan,ഒഴിവാക്കാൻ
ennu,എണ്ണൂ
enni,എണ്ണി
ennam,എണ്ണാം
ennunnu,എണ്ണുന്നു
ennum,എണ്ണും
enniyilla,എണ്ണിയില്ല
ennilla,എണ്ണില്ല
ennan,എണ്ണാൻ
vitharu,വിതറൂ
vithari,വിതറി
vitharam,വിതറാം
vitharunnu,വിതറുന്നു
vitharum,വിതറും
vithariyilla,വിതറിയില്ല
vitharilla,വിതറില്ല
vitharan,വിതറാൻ
thadavu,തടവൂ
thadavi,തടവി
thadavam,തടവാം
thadavunnu,തടവുന്നു
thadavum,തടവും
thadaviyilla,തടവിയില്ല
thadavilla,തടവില്ല
thadavan,തടവാൻ
thirummu,തിരുമ്മൂ
thirummi,തിരുമ്മി
thirummam,തിരുമ്മാം
thirummunnu,തിരുമ്മുന്നു
thirummum,തിരുമ്മും
thirummiyilla,തിരുമ്മിയില്ല
thirummilla,തിരുമ്മില്ല
thirumman,തിരുമ്മാൻ
maanthu,മാന്തൂ
maanthi,മാന്തി
maantham,മാന്താം
maanthunnu,മാന്തുന്നു
maanthum,മാന്തും
maanthiyilla,മാന്തിയില്ല
maanthilla,മാന്തില്ല
maanthan,മാന്താൻ
pizhiyu,പിഴിയൂ
pizhinju,പിഴിഞ്ഞു
pizhiyam,പിഴിയാം
pizhiyunnu,പിഴിയുന്നു
pizhiyum,പിഴിയും
pizhinjilla,പിഴിഞ്ഞില്ല
pizhiyilla,പിഴിയില്ല
pizhiyan,പിഴിയാൻ
kothu,കൊത്തൂ
kothi,കൊത്തി
kotham,കൊത്താം
kothunnu,കൊത്തുന്നു
kothum,കൊത്തും
kothiyilla,കൊത്തിയില്ല
kothilla,കൊത്തില്ല
kothan,കൊത്താൻ
moolu,മൂളൂ
mooli,മൂളി
moolam,മൂളാം
moolunnu,മൂളുന്നു
moolum,മൂളും
mooliyilla,മൂളിയില്ല
moolilla,മൂളില്ല
moolan,മൂളാൻ
kurakku,കുരയ്ക്കൂ
kurachu,കുരച്ചു
kurakkam,കുരക്കാം
kurakkunnu,കുരക്കുന്നു
kurakkum,കുരക്കും
kurachilla,കുരച്ചില്ല
kurakkilla,കുരക്കില്ല
kurakkan,കുരക്കാൻ
alaru,അലറൂ
alari,അലറി
alaram,അലറാം
alarunnu,അലറുന്നു
alarum,അലറും
alariyilla,അലറിയില്ല
alarilla,അലറില്ല
alaran,അലറാൻ
thonnu,തോന്നൂ
thonni,തോന്നി
thonnam,തോന്നാം
thonnunnu,തോന്നുന്നു
thonnum,തോന്നും
thonniyilla,തോന്നിയില്ല
thonnilla,തോന്നില്ല
thonnan,തോന്നാൻ
ethu,എത്തൂ
ethi,എത്തി
etham,എത്താം
ethunnu,എത്തുന്നു
ethum,എത്തും
ethiyilla,എത്തിയില്ല
ethilla,എത്തില്ല
ethan,എത്താൻ
valarthu,വളർത്തൂ
valarthi,വളർത്തി
valartham,വളർത്താം
valarthunnu,വളർത്തുന്നു
valarthum,വളർത്തും
valarthiyilla,വളർത്തിയില്ല
valarthilla,വളർത്തില്ല
valarthan,വളർത്താൻ
thoovu,തൂവൂ
thoovi,തൂവി
thoovam,തൂവാം
thoovunnu,തൂവുന്നു
thoovum,തൂവും
thooviyilla,തൂവിയില്ല
thoovilla,തൂവില്ല
thoovan,തൂവാൻ
thulumpu,തുളുമ്പൂ
thulumpi,തുളുമ്പി
thulumpam,തുളുമ്പാം
thulumpunnu,തുളുമ്പുന്നു
thulumpum,തുളുമ്പും
thulumpiyilla,തുളുമ്പിയില്ല
thulumpilla,തുളുമ്പില്ല
thulumpan,തുളുമ്പാൻ
pugazhthu,പുകഴ്ത്തൂ
pugazhthi,പുകഴ്ത്തി
pugazhtham,പുകഴ്ത്താം
pugazhthunnu,പുകഴ്ത്തുന്നു
pugazhthum,പുകഴ്ത്തും
pugazhthiyilla,പുകഴ്ത്തിയില്ല
pugazhthilla,പുകഴ്ത്തില്ല
pugazhthan,പുകഴ്ത്താൻ
kuttappeduthu,കുറ്റപ്പെടുത്തൂ
kuttappeduthi,കുറ്റപ്പെടുത്തി
kuttappedutham,കുറ്റപ്പെടുത്താം
kuttappeduthunnu,കുറ്റപ്പെടുത്തുന്നു
kuttappeduthum,കുറ്റപ്പെടുത്തും
kuttappeduthiyilla,കുറ്റപ്പെടുത്തിയില്ല
kuttappeduthilla,കുറ്റപ്പെടുത്തില്ല
kuttappeduthan,കുറ്റപ്പെടുത്താൻ
orukku,ഒരുക്കൂ
orukki,ഒരുക്കി
orukkam,ഒരുക്കാം
orukkunnu,ഒരുക്കുന്നു
orukkum,ഒരുക്കും
orukkiyilla,ഒരുക്കിയില്ല
orukkilla,ഒരുക്കില്ല
orukkan,ഒരുക്കാൻ
alangarikku,അലങ്കരിക്കൂ
alangarichu,അലങ്കരിച്ചു
alangarikkam,അലങ്കരിക്കാം
alangarikkunnu,അലങ്കരിക്കുന്നു
alangarikkum,അലങ്കരിക്കും
alangarichilla,അലങ്കരിച്ചില്ല
alangarikkilla,അലങ്കരിക്കില്ല
alangarikkan,അലങ്കരിക്കാൻ
nashippikku,നശിപ്പിക്കൂ
nashippichu,നശിപ്പിച്ചു
nashippikkam,നശിപ്പിക്കാം
nashippikkunnu,നശിപ്പിക്കുന്നു
nashippikkum,നശിപ്പിക്കും
nashippichilla,നശിപ്പിച്ചില്ല
nashippikkilla,നശിപ്പിക്കില്ല
nashippikkan,നശിപ്പിക്കാൻ
samrakshikku,സംരക്ഷിക്കൂ
samrakshichu,സംരക്ഷിച്ചു
samrakshikkam,സംരക്ഷിക്കാം
samrakshikkunnu,സംരക്ഷിക്കുന്നു
samrakshikkum,സംരക്ഷിക്കും
samrakshichilla,സംരക്ഷിച്ചില്ല
samrakshikkilla,സംരക്ഷിക്കില്ല
samrakshikkan,സംരക്ഷിക്കാൻ
kulippikku,കുളിപ്പിക്കൂ
kulippichu,കുളിപ്പിച്ചു
kulippikkam,കുളിപ്പിക്കാം
kulippikkunnu,കുളിപ്പിക്കുന്നു
kulippikkum,കുളിപ്പിക്കും
kulippichilla,കുളിപ്പിച്ചില്ല
kulippikkilla,കുളിപ്പിക്കില്ല
kulippikkan,കുളിപ്പിക്കാൻ
unarthu,ഉണർത്തൂ
unarthi,ഉണർത്തി
unartham,ഉണർത്താം
unarthunnu,ഉണർത്തുന്നു
unarthum,ഉണർത്തും
unarthiyilla,ഉണർത്തിയില്ല
unarthilla,ഉണർത്തില്ല
unarthan,ഉണർത്താൻ
kulukku,കുലുക്കൂ
kulukki,കുലുക്കി
kulukkam,കുലുക്കാം
kulukkunnu,കുലുക്കുന്നു
kulukkum,കുലുക്കും
kulukkiyilla,കുലുക്കിയില്ല
kulukkilla,കുലുക്കില്ല
kulukkan,കുലുക്കാൻ
virakku,വിറക്കൂ
virachu,വിറച്ചു
virakkam,വിറക്കാം
virakkunnu,വിറക്കുന്നു
virakkum,വിറക്കും
virachilla,വിറച്ചില്ല
virakkilla,വിറക്കില്ല
virakkan,വിറക്കാൻ
viyarkku,വിയർക്കൂ
viyarthu,വിയർത്തു
viyarkkam,വിയർക്കാം
viyarkkunnu,വിയർക്കുന്നു
viyarkkum,വിയർക്കും
viyarthilla,വിയർത്തില്ല
viyarkkilla,വിയർക്കില്ല
viyarkkan,വിയർക്കാൻ
kshanikku,ക്ഷണിക്കൂ
kshanichu,ക്ഷണിച്ചു
kshanikkam,ക്ഷണിക്കാം
kshanikkunnu,ക്ഷണിക്കുന്നു
kshanikkum,ക്ഷണിക്കും
kshanichilla,ക്ഷണിച്ചില്ല
kshanikkilla,ക്ഷണിക്കില്ല
kshanikkan,ക്ഷണിക്കാൻ
ethirelku,എതിരേൽക്കൂ
ethirettu,എതിരേറ്റു
ethirelkam,എതിരേൽക്കാം
ethirelkunnu,എതിരേൽക്കുന്നു
ethirelkum,എതിരേൽക്കും
ethirettilla,എതിരേറ്റില്ല
ethirelkilla,എതിരേൽക്കില്ല
ethirelkan,എതിരേൽക്കാൻ
madikku,മടിക്കൂ
madichu,മടിച്ചു
madikkam,മടിക്കാം
madikkunnu,മടിക്കുന്നു
madikkum,മടിക്കും
madichilla,മടിച്ചില്ല
madikkilla,മടിക്കില്ല
madikkan,മടിക്കാൻ
tharkkikku,തർക്കിക്കൂ
tharkkichu,തർക്കിച്ചു
tharkkikkam,തർക്കിക്കാം
tharkkikkunnu,തർക്കിക്കുന്നു
tharkkikkum,തർക്കിക്കും
tharkkichilla,തർക്കിച്ചില്ല
tharkkikkilla,തർക്കിക്കില്ല
tharkkikkan,തർക്കിക്കാൻ
upadeshikku,ഉപദേശിക്കൂ
upadeshichu,ഉപദേശിച്ചു
upadeshikkam,ഉപദേശിക്കാം
upadeshikkunnu,ഉപദേശിക്കുന്നു
upadeshikkum,ഉപദേശിക്കും
upadeshichilla,ഉപദേശിച്ചില്ല
upadeshikkilla,ഉപദേശിക്കില്ല
upadeshikkan,ഉപദേശിക്കാൻ
puzhungu,പുഴുങ്ങൂ
puzhungi,പുഴുങ്ങി
puzhungam,പുഴുങ്ങാം
puzhungunnu,പുഴുങ്ങുന്നു
puzhungum,പുഴുങ്ങും
puzhungiyilla,പുഴുങ്ങിയില്ല
puzhungilla,പുഴുങ്ങില്ല
puzhungan,പുഴുങ്ങാൻ
vaattu,വാറ്റൂ
vaatti,വാറ്റി
vaattam,വാറ്റാം
vaattunnu,വാറ്റുന്നു
vaattum,വാറ്റും
vaattiyilla,വാറ്റിയില്ല
vaattilla,വാറ്റില്ല
vaattan,വാറ്റാൻ
urikku,ഉരിക്കൂ
urichu,ഉരിച്ചു
urikkam,ഉരിക്കാം
urikkunnu,ഉരിക്കുന്നു
urikkum,ഉരിക്കും
urichilla,ഉരിച്ചില്ല
urikkilla,ഉരിക്കില്ല
urikkan,ഉരിക്കാൻ
kizhikku,കിഴിക്കൂ
kizhichu,കിഴിച്ചു
kizhikkam,കിഴിക്കാം
kizhikkunnu,കിഴിക്കുന്നു
kizhikkum,കിഴിക്കും
kizhichilla,കിഴിച്ചില്ല
kizhikkilla,കിഴിക്കില്ല
kizhikkan,കിഴിക്കാൻ
kuzhakku,കുഴക്കൂ
kuzhachu,കുഴച്ചു
kuzhakkam,കുഴക്കാം
kuzhakkunnu,കുഴക്കുന്നു
kuzhakkum,കുഴക്കും
kuzhachilla,കുഴച്ചില്ല
kuzhakkilla,കുഴക്കില്ല
kuzhakkan,കുഴക്കാൻ
othukku,ഒതുക്കൂ
othukki,ഒതുക്കി
othukkam,ഒതുക്കാം
othukkunnu,ഒതുക്കുന്നു
othukkum,ഒതുക്കും
othukkiyilla,ഒതുക്കിയില്ല
othukkilla,ഒതുക്കില്ല
othukkan,ഒതുക്കാൻ
othungu,ഒതുങ്ങൂ
othungi,ഒതുങ്ങി
othungam,ഒതുങ്ങാം
othungunnu,ഒതുങ്ങുന്നു
othungum,ഒതുങ്ങും
othungiyilla,ഒതുങ്ങിയില്ല
othungilla,ഒതുങ്ങില്ല
othungan,ഒതുങ്ങാൻ
thadayu,തടയൂ
thadanju,തടഞ്ഞു
thadayam,തടയാം
thadayunnu,തടയുന്നു
thadayum,തടയും
thadanjilla,തടഞ്ഞില്ല
thadayilla,തടയില്ല
thadayan,തടയാൻ
moodu,മൂടൂ
moodi,മൂടി
moodam,മൂടാം
moodunnu,മൂടുന്നു
moodum,മൂടും
moodiyilla,മൂടിയില്ല
moodilla,മൂടില്ല
moodan,മൂടാൻ
nindhikku,നിന്ദിക്കൂ
nindhichu,നിന്ദിച്ചു
nindhikkam,നിന്ദിക്കാം
nindhikkunnu,നിന്ദിക്കുന്നു
nindhikkum,നിന്ദിക്കും
nindhichilla,നിന്ദിച്ചില്ല
nindhikkilla,നിന്ദിക്കില്ല
nindhikkan,നിന്ദിക്കാൻ
bhedhikku,ഭേദിക്കൂ
bhedhichu,ഭേദിച്ചു
bhedhikkam,ഭേദിക്കാം
bhedhikkunnu,ഭേദിക്കുന്നു
bhedhikkum,ഭേദിക്കും
bhedhichilla,ഭേദിച്ചില്ല
bhedhikkilla,ഭേദിക്കില്ല
bhedhikkan,ഭേദിക്കാൻ
paayu,പായൂ
paanju,പാഞ്ഞു
paayam,പായാം
paayunnu,പായുന്നു
paayum,പായും
paanjilla,പാഞ്ഞില്ല
paayilla,പായല്ല
paayan,പായാൻ
kuthikku,കുതിക്കൂ
kuthichu,കുതിച്ചു
kuthikkam,കുതിക്കാം
kuthikkunnu,കുതിക്കുന്നു
kuthikkum,കുതിക്കും
kuthichilla,കുതിച്ചില്ല
kuthikkilla,കുതിക്കില്ല
kuthikkan,കുതിക്കാൻ
urukku,ഉരുക്കൂ
urukki,ഉരുക്കി
urukkam,ഉരുക്കാം
urukkunnu,ഉരുക്കുന്നു
urukkum,ഉരുക്കും
urukkiyilla,ഉരുക്കിയില്ല
urukkilla,ഉരുക്കില്ല
urukkan,ഉരുക്കാൻ
maayikku,മായ്ക്കൂ
maayichu,മായ്ച്ചു
maayikkam,മായ്ക്കാം
maayikkunnu,മായ്ക്കുന്നു
maayikkum,മായ്ക്കും
maayichilla,മായ്ച്ചില്ല
maayikkilla,മായ്ക്കില്ല
maayikkan,മായ്ക്കാൻ
thurikku,തുറിച്ചുനോക്കൂ
thurichu,തുറിച്ചുനോക്കി
thurikkam,തുറിച്ചുനോക്കാം
thurikkunnu,തുറിച്ചുനോക്കുന്നു
thurikkum,തുറിച്ചുനോക്കും
thurichilla,തുറിച്ചുനോക്കിയില്ല
thurikkilla,തുറിച്ചുനോക്കില്ല
thurikkan,തുറിച്ചുനോക്കാൻ
kothikku,കൊതിക്കൂ
kothichu,കൊതിച്ചു
kothikkam,കൊതിക്കാം
kothikkunnu,കൊതിക്കുന്നു
kothikkum,കൊതിക്കും
kothichilla,കൊതിച്ചില്ല
kothikkilla,കൊതിക്കില്ല
kothikkan,കൊതിക്കാൻ
asooyappedu,അസൂയപ്പെടൂ
asooyappettu,അസൂയപ്പെട്ടു
asooyappedam,അസൂയപ്പെടാം
asooyappedunnu,അസൂയപ്പെടുന്നു
asooyappedum,അസൂയപ്പെടും
asooyappettilla,അസൂയപ്പെട്ടില്ല
asooyappedilla,അസൂയപ്പെടില്ല
asooyappedan,അസൂയപ്പെടാൻ
vishamikku,വിഷമിക്കൂ
vishamichu,വിഷമിച്ചു
vishamikkam,വിഷമിക്കാം
vishamikkunnu,വിഷമിക്കുന്നു
vishamikkum,വിഷമിക്കും
vishamichilla,വിഷമിച്ചില്ല
vishamikkilla,വിഷമിക്കില്ല
vishamikkan,വിഷമിക്കാൻ
karuthu,കരുതൂ
karuthi,കരുതി
karutham,കരുതാം
karuthunnu,കരുതുന്നു
karuthum,കരുതും
karuthiyilla,കരുതിയില്ല
karuthilla,കരുതില്ല
karuthan,കരുതാൻ
aashwasikku,ആശ്വസിക്കൂ
aashwasichu,ആശ്വസിച്ചു
aashwasikkam,ആശ്വസിക്കാം
aashwasikkunnu,ആശ്വസിക്കുന്നു
aashwasikkum,ആശ്വസിക്കും
aashwasichilla,ആശ്വസിച്ചില്ല
aashwasikkilla,ആശ്വസിക്കില്ല
aashwasikkan,ആശ്വസിക്കാൻ
nirashappedu,നിരാശപ്പെടൂ
nirashappettu,നിരാശപ്പെട്ടു
nirashappedam,നിരാശപ്പെടാം
nirashappedunnu,നിരാശപ്പെടുന്നു
nirashappedum,നിരാശപ്പെടും
nirashappettilla,നിരാശപ്പെട്ടില്ല
nirashappedilla,നിരാശപ്പെടില്ല
nirashappedan,നിരാശപ്പെടാൻ
pratheekshikku,പ്രതീക്ഷിക്കൂ
pratheekshichu,പ്രതീക്ഷിച്ചു
pratheekshikkam,പ്രതീക്ഷിക്കാം
pratheekshikkunnu,പ്രതീക്ഷിക്കുന്നു
pratheekshikkum,പ്രതീക്ഷിക്കും
pratheekshichilla,പ്രതീക്ഷിച്ചില്ല
pratheekshikkilla,പ്രതീക്ഷിക്കില്ല
pratheekshikkan,പ്രതീക്ഷിക്കാൻ
kalpikku,കൽപ്പിക്കൂ
kalpichu,കൽപ്പിച്ചു
kalpikkam,കൽപ്പിക്കാം
kalpikkunnu,കൽപ്പിക്കുന്നു
kalpikkum,കൽപ്പിക്കും
kalpichilla,കൽപ്പിച്ചില്ല
kalpikkilla,കൽപ്പിക്കില്ല
kalpikkan,കൽപ്പിക്കാൻ
anuvadhikku,അനുവദിക്കൂ
anuvadhichu,അനുവദിച്ചു
anuvadhikkam,അനുവദിക്കാം
anuvadhikkunnu,അനുവദിക്കുന്നു
anuvadhikkum,അനുവദിക്കും
anuvadhichilla,അനുവദിച്ചില്ല
anuvadhikkilla,അനുവദിക്കില്ല
anuvadhikkan,അനുവദിക്കാൻ
pathungu,പതുങ്ങൂ
pathungi,പതുങ്ങി
pathungam,പതുങ്ങാം
pathungunnu,പതുങ്ങുന്നു
pathungum,പതുങ്ങും
pathungiyilla,പതുങ്ങിയില്ല
pathungilla,പതുങ്ങില്ല
pathungan,പതുങ്ങാൻ
neengu,നീങ്ങൂ
neengi,നീങ്ങി
neengam,നീങ്ങാം
neengunnu,നീങ്ങുന്നു
neengum,നീങ്ങും
neengiyilla,നീങ്ങിയില്ല
neengilla,നീങ്ങില്ല
neengan,നീങ്ങാൻ
neekku,നീക്കൂ
neekki,നീക്കി
neekkam,നീക്കാം
neekkunnu,നീക്കുന്നു
neekkum,നീക്കും
neekkiyilla,നീക്കിയില്ല
neekkilla,നീക്കില്ല
neekkan,നീക്കാൻ
pularu,പുലരൂ
pularnnu,പുലർന്നു
pularam,പുലരാം
pularunnu,പുലരുന്നു
pularum,പുലരും
pularnnilla,പുലർന്നില്ല
pularilla,പുലരില്ല
pularan,പുലരാൻ
iruttu,ഇരുട്ടൂ
irutti,ഇരുട്ടി
iruttam,ഇരുട്ടാം
iruttunnu,ഇരുട്ടുന്നു
iruttum,ഇരുട്ടും
iruttiyilla,ഇരുട്ടിയില്ല
iruttilla,ഇരുട്ടില്ല
iruttan,ഇരുട്ടാൻ
minukku,മിനുക്കൂ
minukki,മിനുക്കി
minukkam,മിനുക്കാം
minukkunnu,മിനുക്കുന്നു
minukkum,മിനുക്കും
minukkiyilla,മിനുക്കിയില്ല
minukkilla,മിനുക്കില്ല
minukkan,മിനുക്കാൻ
thilakku,തിളക്കൂ
thilachu,തിളച്ചു
thilakkam,തിളക്കാം
thilakkunnu,തിളക്കുന്നു
thilakkum,തിളക്കും
thilachilla,തിളച്ചില്ല
thilakkilla,തിളക്കില്ല
thilakkan,തിളക്കാൻ
muzhangu,മുഴങ്ങൂ
muzhangi,മുഴങ്ങി
muzhangam,മുഴങ്ങാം
muzhangunnu,മുഴങ്ങുന്നു
muzhangum,മുഴങ്ങും
muzhangiyilla,മുഴങ്ങിയില്ല
muzhangilla,മുഴങ്ങില്ല
muzhangan,മുഴങ്ങാൻ
pottikku,പൊട്ടിക്കൂ
pottichu,പൊട്ടിച്ചു
pottikkam,പൊട്ടിക്കാം
pottikkunnu,പൊട്ടിക്കുന്നു
pottikkum,പൊട്ടിക്കും
pottichilla,പൊട്ടിച്ചില്ല
pottikkilla,പൊട്ടിക്കില്ല
pottikkan,പൊട്ടിക്കാൻ
aakramikku,ആക്രമിക്കൂ
aakramichu,ആക്രമിച്ചു
aakramikkam,ആക്രമിക്കാം
aakramikkunnu,ആക്രമിക്കുന്നു
aakramikkum,ആക്രമിക്കും
aakramichilla,ആക്രമിച്ചില്ല
aakramikkilla,ആക്രമിക്കില്ല
aakramikkan,ആക്രമിക്കാൻ
cherkku,ചേർക്കൂ
cherthu,ചേർത്തു
cherkkam,ചേർക്കാം
cherkkunnu,ചേർക്കുന്നു
cherkkum,ചേർക്കും
cherthilla,ചേർത്തില്ല
cherkkilla,ചേർക്കില്ല
cherkkan,ചേർക്കാൻ
cheru,ചേരൂ
chernnu,ചേർന്നു
cheram,ചേരാം
cherunnu,ചേരുന്നു
cherum,ചേരും
chernnilla,ചേർന്നില്ല
cherilla,ചേരില്ല
cheran,ചേരാൻ
akalu,അകലൂ
akannu,അകന്നു
akalam,അകലാം
akalunnu,അകലുന്നു
akalum,അകലും
akannilla,അകന്നില്ല
akalilla,അകലില്ല
akalan,അകലാന്
akattu,അകറ്റൂ
akatti,അകറ്റി
akattam,അകറ്റാം
akattunnu,അകറ്റുന്നു
akattum,അകറ്റും
akattiyilla,അകറ്റിയില്ല
akattilla,അകറ്റില്ല
akattan,അകറ്റാൻ
thozhu,തൊഴൂ
thozhuthu,തൊഴുതു
thozham,തൊഴാം
thozhunnu,തൊഴുന്നു
thozhum,തൊഴും
thozhuthilla,തൊഴുതില്ല
thozhilla,തൊഴില്ല
thozhan,തൊഴാൻ
namaskarikku,നമസ്കരിക്കൂ
namaskarichu,നമസ്കരിച്ചു
namaskarikkam,നമസ്കരിക്കാം
namaskarikkunnu,നമസ്കരിക്കുന്നു
namaskarikkum,നമസ്കരിക്കും
namaskarichilla,നമസ്കരിച്ചില്ല
namaskarikkilla,നമസ്കരിക്കില്ല
namaskarikkan,നമസ്കരിക്കാൻ
kumbidu,കുമ്പിടൂ
kumbittu,കുമ്പിട്ടു
kumbidam,കുമ്പിടാം
kumbidunnu,കുമ്പിടുന്നു
kumbidum,കുമ്പിടും
kumbittilla,കുമ്പിട്ടില്ല
kumbidilla,കുമ്പിടില്ല
kumbidan,കുമ്പിടാൻ
prathikarikku,പ്രതികരിക്കൂ
prathikarichu,പ്രതികരിച്ചു
prathikarikkam,പ്രതികരിക്കാം
prathikarikkunnu,പ്രതികരിക്കുന്നു
prathikarikkum,പ്രതികരിക്കും
prathikarichilla,പ്രതികരിച്ചില്ല
prathikarikkilla,പ്രതികരിക്കില്ല
prathikarikkan,പ്രതികരിക്കാൻ
aveshappedu,ആവേശപ്പെടൂ
aveshappettu,ആവേശപ്പെട്ടു
aveshappedam,ആവേശപ്പെടാം
aveshappedunnu,ആവേശപ്പെടുന്നു
aveshappedum,ആവേശപ്പെടും
aveshappettilla,ആവേശപ്പെട്ടില്ല
aveshappedilla,ആവേശപ്പെടില്ല
aveshappedan,ആവേശപ്പെടാൻ
theranjedu,തിരഞ്ഞെടുക്കൂ
theranjeduthu,തിരഞ്ഞെടുത്തു
theranjedukkam,തിരഞ്ഞെടുക്കാം
theranjedukkunnu,തിരഞ്ഞെടുക്കുന്നു
theranjedukkum,തിരഞ്ഞെടുക്കും
theranjeduthilla,തിരഞ്ഞെടുത്തില്ല
theranjedukkilla,തിരഞ്ഞെടുക്കില്ല
theranjedukkan,തിരഞ്ഞെടുക്കാൻ
kuzhayu,കുഴയൂ
kuzhanju,കുഴഞ്ഞു
kuzhayam,കുഴയാം
kuzhayunnu,കുഴയുന്നു
kuzhayum,കുഴയും
kuzhanjilla,കുഴഞ്ഞില്ല
kuzhayilla,കുഴയില്ല
kuzhayan,കുഴയാൻ
vidu,വിടൂ
vittu,വിട്ടു
vidam,വിടാം
vidunnu,വിടുന്നു
vidum,വിട്ടില്ല
vidilla,വിടില്ല
vidan,വിടാൻ
thudaru,തുടരൂ
thudarnnu,തുടർന്നു
thudaram,തുടരാം
thudarunnu,തുടരുന്നു
thudarum,തുടരും
thudarnnilla,തുടർന്നില്ല
thudarilla,തുടരില്ല
thudaran,തുടരാൻ
pinthudaru,പിന്തുടരൂ
pinthudarnnu,പിന്തുടർന്നു
pinthudaram,പിന്തുടരാം
pinthudarunnu,പിന്തുടരുന്നു
pinthudarum,പിന്തുടരും
pinthudarnnilla,പിന്തുടർന്നില്ല
pinthudarilla,പിന്തുടരില്ല
pinthudaran,പിന്തുടരാൻ
ethirkku,എതിർക്കൂ
ethirthu,എതിർത്തു
ethirkkam,എതിർക്കാം
ethirkkunnu,എതിർക്കുന്നു
ethirkkum,എതിർക്കും
ethirthilla,എതിർത്തില്ല
ethirkkilla,എതിർക്കില്ല
ethirkkan,എതിർക്കാൻ
aadu,ആടൂ
aadi,ആടി
aadam,ആടാം
aadunnu,ആടുന്നു
aadum,ആടും
aadiyilla,ആടിയില്ല
aadilla,ആടില്ല
aadan,ആടാൻ
sthapikku,സ്ഥാപിക്കൂ
sthapichu,സ്ഥാപിച്ചു
sthapikkam,സ്ഥാപിക്കാം
sthapikkunnu,സ്ഥാപിക്കുന്നു
sthapikkum,സ്ഥാപിക്കും
sthapichilla,സ്ഥാപിച്ചില്ല
sthapikkilla,സ്ഥാപിക്കില്ല
sthapikkan,സ്ഥാപിക്കാൻ
thakaru,തകരൂ
thakarnnu,തകർന്നു
thakaram,തകരാം
thakarunnu,തകരുന്നു
thakarum,തകരും
thakarnnilla,തകർന്നില്ല
thakarilla,തകരില്ല
thakaran,തകരാൻ
chaaru,ചാറൂ
chaari,ചാറി
chaaram,ചാറാം
chaarunnu,ചാറുന്നു
chaarum,ചാറും
chaariyilla,ചാറിയില്ല
chaarilla,ചാറില്ല
chaaran,ചാറാൻ
anayu,അണയൂ
ananju,അണഞ്ഞു
anayam,അണയാം
anayunnu,അണയുന്നു
anayum,അണയും
ananjilla,അണഞ്ഞില്ല
anayilla,അണയില്ല
anayan,അണയാൻ
anakku,അനക്കൂ
anakki,അനക്കി
anakkam,അനക്കാം
anakkunnu,അനക്കുന്നു
anakkum,അനക്കും
anakkiyilla,അനക്കിയില്ല
anakkilla,അനക്കില്ല
anakkan,അനക്കാൻ
kollu,കൊല്ലൂ
konnu,കൊന്നു
kollam,കൊല്ലാം
kollunnu,കൊല്ലുന്നു
kollum,കൊല്ലും
konnilla,കൊന്നില്ല
kollilla,കൊല്ലില്ല
kollan,കൊല്ലാൻ
neettu,നീട്ടൂ
neetti,നീട്ടി
neettam,നീട്ടാം
neettunnu,നീട്ടുന്നു
neettum,നീട്ടും
neettiyilla,നീട്ടിയില്ല
neettilla,നീട്ടില്ല
neettan,നീട്ടാൻ
neelu,നീളൂ
neendu,നീണ്ടു
neelam,നീളാം
neelunnu,നീളുന്നു
neelum,നീളും
neendilla,നീണ്ടില്ല
neelilla,നീളില്ല
neelan,നീളാൻ
churungu,ചുരുങ്ങൂ
churungi,ചുരുങ്ങി
churungam,ചുരുങ്ങാം
churungunnu,ചുരുങ്ങുന്നു
churungum,ചുരുങ്ങും
churungiyilla,ചുരുങ്ങിയില്ല
churungilla,ചുരുങ്ങില്ല
churungan,ചുരുങ്ങാൻ
churukku,ചുരുക്കൂ
churukki,ചുരുക്കി
churukkam,ചുരുക്കാം
churukkunnu,ചുരുക്കുന്നു
churukkum,ചുരുക്കും
churukkiyilla,ചുരുക്കിയില്ല
churukkilla,ചുരുക്കില്ല
churukkan,ചുരുക്കാൻ
thiruthu,തിരുത്തൂ
thiruthi,തിരുത്തി
thirutham,തിരുത്താം
thiruthunnu,തിരുത്തുന്നു
thiruthum,തിരുത്തും
thiruthiyilla,തിരുത്തിയില്ല
thiruthilla,തിരുത്തില്ല
thiruthan,തിരുത്താൻ
kedu,കെടൂ
kettu,കെട്ടു
kedam,കെടാം
kedunnu,കെടുന്നു
kedum,കെടും
kettilla,കെട്ടില്ല
kedilla,കെടില്ല
kedan,കെടാൻ
keduthu,കെടുത്തൂ
keduthi,കെടുത്തി
kedutham,കെടുത്താം
keduthunnu,കെടുത്തുന്നു
keduthum,കെടുത്തും
keduthiyilla,കെടുത്തിയില്ല
keduthilla,കെടുത്തില്ല
keduthan,കെടുത്താൻ
maayu,മായൂ
maanju,മാഞ്ഞു
maayam,മായാം
maayunnu,മായുന്നു
maayum,മായും
maanjilla,മാഞ്ഞില്ല
maayilla,മായല്ല
maayan,മായാൻ
porikku,പൊരിക്കൂ
porichu,പൊരിച്ചു
porikkam,പൊരിക്കാം
porikkunnu,പൊരിക്കുന്നു
porikkum,പൊരിക്കും
porichilla,പൊരിച്ചില്ല
porikkilla,പൊരിക്കില്ല
porikkan,പൊരിക്കാൻ
pazhukku,പഴുക്കൂ
pazhuthu,പഴുത്തു
pazhukkam,പഴുക്കാം
pazhukkunnu,പഴുക്കുന്നു
pazhukkum,പഴുക്കും
pazhuthilla,പഴുത്തില്ല
pazhukkilla,പഴുക്കില്ല
pazhukkan,പഴുക്കാൻ
chumbikku,ചുംബിക്കൂ
chumbichu,ചുംബിച്ചു
chumbikkam,ചുംബിക്കാം
chumbikkunnu,ചുംബിക്കുന്നു
chumbikkum,ചുംബിക്കും
chumbichilla,ചുംബിച്ചില്ല
chumbikkilla,ചുംബിക്കില്ല
chumbikkan,ചുംബിക്കാൻ
munthiri,മുന്തിരി
cherunaranga,ചെറുനാരങ്ങ
vathakka,വത്തക്ക
kaithachakka,കൈതച്ചക്ക
perakka,പേരക്ക
rambutan,റംബൂട്ടാൻ
sapota,സപ്പോട്ട
eenthappazham,ഈന്തപ്പഴം
athippazham,അത്തിപ്പഴം
parippu,പരിപ്പ്
uzhunnu,ഉഴുന്ന്
kadala,കടല
payar,പയർ
kambu,കമ്പ്
raagi,റാഗി
cholam,ചോളം
gothambu,ഗോതമ്പ്
maavu,മാവ്
idiyappam,ഇടിയപ്പം
pathiri,പത്തിരി
porotta,പൊറോട്ട
rotti,റൊട്ടി
chapathi,ചപ്പാത്തി
naan,നാൻ
sarbath,സർബത്ത്
soda,സോഡ
karingali,കരിങ്ങാലി
jeerakavellam,ജീരകവെള്ളം
kanjivellam,കഞ്ഞിവെള്ളം
sambharam,സംഭാരം
muthu,മുത്ത്
pavizham,പവിഴം
vajram,വജ്രം
marakatham,മരതകം
rathnam,രത്നം
thoni,തോണി
changadam,ചങ്ങാടം
vancham,വഞ്ചം
sanchi,സഞ്ചി
kooda,കൂട
alumaara,അലമാര
metha,മെത്ത
viri,വിരി
padippura,പടിപ്പുര
aama,ആമ
cheenkanni,ചീങ്കണ്ണി
thimingalam,തിമിംഗലം
sravu,സ്രാവ്
myna,മൈന
kuyil,കുയിൽ
thithiri,തിത്തിരി
pothu,പോത്ത്
eruma,എരുമ
kalamaan,കലമാൻ
pullimaan,പുള്ളിമാൻ
chennaya,ചെന്നായ
udumbu,ഉടുമ്പ്
arana,അരണ
valyappan,വല്യപ്പൻ
valyamma,വല്യമ്മ
kochappan,കൊച്ചപ്പൻ
kochamma,കൊച്ചമ്മ
kunjamma,കുഞ്ഞമ്മ
chittappan,ചിറ്റപ്പൻ
chittamma,ചിറ്റമ്മ
ammayi,അമ്മായി
moothappan,മൂത്തപ്പൻ
anthi,അന്തി
pathiraathri,പാതിരാത്രി
uthsaham,ഉത്സാഹം
kurumbu,കുറുമ്പ്
kusruthi,കുസൃതി
paribhavam,പരിഭവം
pinakkam,പിണക്കം
inakkam,ഇണക്കം
vashyatha,വശ്യത
thejass,തേജസ്സ്
ilampacha,ഇളംപച്ച
kadumpacha,കടുംപച്ച
ilanneela,ഇളന്നീല
kadunneela,കടുംനീല
chathi,ചതി
vanchana,വഞ്ചന
droham,ദ്രോഹം
abhinayam,അഭിനയം
kalavara,കലവറ
akampadi,അകമ്പടി
mukhaamukham,മുഖാമുഖം
pazhuthu,പഴുത്ത
pachakku,പച്ചക്ക്
puzhungiya,പുഴുങ്ങിയ
varutha,വറുത്ത
poricha,പൊരിച്ച
prushtam,പൃഷ്ഠം
chandi,ചന്തി
kanankal,കണങ്കാൽ
uppoochi,ഉപ്പൂറ്റി
madi,മടി
tholbaagham,തോൾഭാഗം
kankuzhi,കൺകുഴി
karal,കരള
vrikka,വൃക്ക
shwasakosham,ശ്വാസകോശം
kudalu,കുടൽ
moola,മൂള
muthira,മുതിര
ellu,എള്ള്
kappalandi,കപ്പലണ്ടി
kashuvandi,കശുവണ്ടി
badam,ബദാം
puzhu,പുഴു
kottadi,കൊട്ടടി
paravathani,പരവതാനി
irayi,ഇറയി
chakram,ചക്രം